2026-05-02 23:00, success
2026-05-02 23:51, success
2026-05-03 01:22, success
2026-05-03 04:51, success
2026-05-03 07:10, success
2026-05-03 08:55, success
2026-05-03 09:58, success
2026-05-03 10:53, success
2026-05-03 11:32, success
2026-05-03 12:07, success
2026-05-03 13:44, success
2026-05-03 14:34, success
2026-05-03 15:24, success
2026-05-03 16:04, success
2026-05-03 17:02, success
2026-05-03 17:52, success
2026-05-03 18:37, success
2026-05-03 19:38, success
2026-05-03 20:09, success
2026-05-03 20:59, success
2026-05-03 21:41, success
2026-05-03 22:22, success
2026-05-03 23:07, success
2026-05-03 23:59, success
2026-05-04 02:55, success
2026-05-04 05:54, success
2026-05-04 08:11, success
2026-05-04 10:23, success
2026-05-04 12:08, success
2026-05-04 14:27, success
2026-05-04 16:17, success
2026-05-04 17:53, success
2026-05-04 19:08, success
2026-05-04 20:39, success
2026-05-04 21:43, success
2026-05-04 22:39, success
2026-05-04 23:30, success
2026-05-05 01:20, failed
2026-05-05 04:26, success
2026-05-05 06:32, success
2026-05-05 08:35, success
2026-05-05 10:22, success
2026-05-05 11:43, success
2026-05-05 12:54, success
2026-05-05 16:24, success
2026-05-05 17:57, success
2026-05-05 19:10, success
2026-05-05 20:15, success
2026-05-05 21:15, success
2026-05-05 22:13, success
2026-05-05 23:10, success
2026-05-06 00:00, success
2026-05-06 03:29, success
2026-05-06 06:17, success
2026-05-06 10:36, success
2026-05-06 11:18, success, http=401, consecutive_failures=0
2026-05-06 11:28, success, http=401, consecutive_failures=0
2026-05-06 12:17, success, http=401, consecutive_failures=0
2026-05-06 14:49, success, http=401, consecutive_failures=0
2026-05-06 16:20, success, http=401, consecutive_failures=0
2026-05-06 17:54, success, http=401, consecutive_failures=0
2026-05-06 19:15, success, http=401, consecutive_failures=0
2026-05-06 20:46, success, http=401, consecutive_failures=0
2026-05-06 21:46, success, http=401, consecutive_failures=0
2026-05-06 22:33, success, http=401, consecutive_failures=0
2026-05-06 23:29, success, http=401, consecutive_failures=0
2026-05-07 00:12, success, http=401, consecutive_failures=0
2026-05-07 04:03, success, http=401, consecutive_failures=0
2026-05-07 06:46, success, http=401, consecutive_failures=0
2026-05-07 09:16, success, http=401, consecutive_failures=0
2026-05-07 11:20, success, http=401, consecutive_failures=0
2026-05-07 13:10, success, http=401, consecutive_failures=0
2026-05-07 15:34, success, http=401, consecutive_failures=0
2026-05-07 17:19, success, http=401, consecutive_failures=0
2026-05-07 19:03, success, http=401, consecutive_failures=0
2026-05-07 20:21, success, http=401, consecutive_failures=0
2026-05-07 21:16, success, http=401, consecutive_failures=0
2026-05-07 22:17, success, http=401, consecutive_failures=0
2026-05-07 23:12, success, http=401, consecutive_failures=0
2026-05-08 00:05, success, http=401, consecutive_failures=0
2026-05-08 03:48, success, http=401, consecutive_failures=0
2026-05-08 05:48, success, http=401, consecutive_failures=0
2026-05-08 07:09, success, http=401, consecutive_failures=0
2026-05-08 08:47, success, http=401, consecutive_failures=0
2026-05-08 10:10, success, http=401, consecutive_failures=0
2026-05-08 11:43, success, http=401, consecutive_failures=0
2026-05-08 12:59, success, http=401, consecutive_failures=0
2026-05-08 14:51, success, http=401, consecutive_failures=0
2026-05-08 16:04, success, http=401, consecutive_failures=0
2026-05-08 17:40, success, http=401, consecutive_failures=0
2026-05-08 18:56, success, http=401, consecutive_failures=0
2026-05-08 20:03, success, http=401, consecutive_failures=0
2026-05-08 21:12, success, http=401, consecutive_failures=0
2026-05-08 22:10, success, http=401, consecutive_failures=0
2026-05-08 23:08, success, http=401, consecutive_failures=0
2026-05-09 00:07, success, http=401, consecutive_failures=0
2026-05-09 03:51, success, http=401, consecutive_failures=0
2026-05-09 06:06, success, http=401, consecutive_failures=0
2026-05-09 08:07, success, http=401, consecutive_failures=0
2026-05-09 09:41, success, http=401, consecutive_failures=0
2026-05-09 10:35, success, http=401, consecutive_failures=0
2026-05-09 11:28, success, http=401, consecutive_failures=0
2026-05-09 12:08, success, http=401, consecutive_failures=0
2026-05-09 13:48, success, http=401, consecutive_failures=0
2026-05-09 14:38, success, http=401, consecutive_failures=0
2026-05-09 15:33, success, http=401, consecutive_failures=0
2026-05-09 16:30, success, http=401, consecutive_failures=0
2026-05-09 17:28, success, http=401, consecutive_failures=0
2026-05-09 18:12, success, http=401, consecutive_failures=0
2026-05-09 19:32, success, http=401, consecutive_failures=0
2026-05-09 20:09, success, http=401, consecutive_failures=0
2026-05-09 20:59, success, http=401, consecutive_failures=0
2026-05-09 21:46, success, http=401, consecutive_failures=0
2026-05-09 22:26, success, http=401, consecutive_failures=0
2026-05-09 23:10, success, http=401, consecutive_failures=0
2026-05-10 00:01, success, http=401, consecutive_failures=0
2026-05-10 03:51, success, http=401, consecutive_failures=0
2026-05-10 06:26, success, http=401, consecutive_failures=0
2026-05-10 08:24, success, http=401, consecutive_failures=0
2026-05-10 09:51, success, http=401, consecutive_failures=0
2026-05-10 10:49, success, http=401, consecutive_failures=0
2026-05-10 11:37, success, http=401, consecutive_failures=0
2026-05-10 12:36, success, http=401, consecutive_failures=0
2026-05-10 14:03, success, http=401, consecutive_failures=0
2026-05-10 15:02, success, http=401, consecutive_failures=0
2026-05-10 16:00, success, http=401, consecutive_failures=0
2026-05-10 17:00, success, http=401, consecutive_failures=0
2026-05-10 17:53, success, http=401, consecutive_failures=0
2026-05-10 18:40, success, http=401, consecutive_failures=0
2026-05-10 19:44, success, http=401, consecutive_failures=0
2026-05-10 20:28, success, http=401, consecutive_failures=0
2026-05-10 21:11, success, http=401, consecutive_failures=0
2026-05-10 22:02, success, http=401, consecutive_failures=0
2026-05-10 22:57, success, http=401, consecutive_failures=0
2026-05-10 23:45, success, http=401, consecutive_failures=0
2026-05-11 01:30, success, http=401, consecutive_failures=0
2026-05-11 05:34, success, http=401, consecutive_failures=0
2026-05-11 08:43, success, http=401, consecutive_failures=0
2026-05-11 11:46, success, http=401, consecutive_failures=0
2026-05-11 14:11, success, http=401, consecutive_failures=0
2026-05-11 16:43, success, http=401, consecutive_failures=0
2026-05-11 18:24, success, http=401, consecutive_failures=0
2026-05-11 20:10, success, http=401, consecutive_failures=0
2026-05-11 21:39, success, http=401, consecutive_failures=0
2026-05-11 22:36, success, http=401, consecutive_failures=0
2026-05-11 23:34, success, http=401, consecutive_failures=0
2026-05-12 01:19, success, http=401, consecutive_failures=0
2026-05-12 04:49, success, http=401, consecutive_failures=0
2026-05-12 07:33, success, http=401, consecutive_failures=0
2026-05-12 10:07, success, http=401, consecutive_failures=0
2026-05-12 12:07, success, http=401, consecutive_failures=0
2026-05-12 14:46, success, http=401, consecutive_failures=0
2026-05-12 16:57, success, http=401, consecutive_failures=0
2026-05-12 18:53, success, http=401, consecutive_failures=0
2026-05-12 20:21, success, http=401, consecutive_failures=0
2026-05-12 21:44, success, http=401, consecutive_failures=0
2026-05-12 22:45, success, http=401, consecutive_failures=0
2026-05-12 23:42, success, http=401, consecutive_failures=0
2026-05-13 01:27, success, http=401, consecutive_failures=0
2026-05-13 05:06, success, http=401, consecutive_failures=0
2026-05-13 08:08, success, http=401, consecutive_failures=0
2026-05-13 10:40, suspected, http=000, consecutive_failures=1
2026-05-13 12:30, suspected, http=000, consecutive_failures=2
2026-05-13 15:25, failed, http=000, consecutive_failures=3
2026-05-13 17:31, failed, http=000, consecutive_failures=4
2026-05-13 19:18, failed, http=000, consecutive_failures=5
2026-05-13 20:57, failed, http=000, consecutive_failures=6
2026-05-13 22:06, failed, http=000, consecutive_failures=7
2026-05-13 23:16, failed, http=000, consecutive_failures=8
2026-05-14 00:16, failed, http=000, consecutive_failures=9
2026-05-14 04:14, failed, http=000, consecutive_failures=10
2026-05-14 07:21, failed, http=000, consecutive_failures=11
2026-05-14 09:41, failed, http=000, consecutive_failures=12
2026-05-14 11:28, failed, http=000, consecutive_failures=13
2026-05-14 13:14, failed, http=000, consecutive_failures=14
2026-05-14 15:32, failed, http=000, consecutive_failures=15
2026-05-14 17:21, failed, http=000, consecutive_failures=16
2026-05-14 19:12, failed, http=000, consecutive_failures=17
2026-05-14 20:44, failed, http=000, consecutive_failures=18
2026-05-14 21:50, failed, http=000, consecutive_failures=19
2026-05-14 22:44, failed, http=000, consecutive_failures=20
2026-05-14 23:37, failed, http=000, consecutive_failures=21
2026-05-15 01:27, failed, http=000, consecutive_failures=22
2026-05-15 05:09, failed, http=000, consecutive_failures=23
2026-05-15 08:14, failed, http=000, consecutive_failures=24
2026-05-15 10:37, failed, http=000, consecutive_failures=25
2026-05-15 12:20, failed, http=000, consecutive_failures=26
2026-05-15 14:40, failed, http=000, consecutive_failures=27
2026-05-15 16:23, failed, http=000, consecutive_failures=28
2026-05-15 17:56, failed, http=000, consecutive_failures=29
2026-05-15 19:17, failed, http=000, consecutive_failures=30
2026-05-15 20:35, failed, http=000, consecutive_failures=31
2026-05-15 21:37, failed, http=000, consecutive_failures=32
2026-05-15 22:34, failed, http=000, consecutive_failures=33
2026-05-15 23:30, failed, http=000, consecutive_failures=34
2026-05-16 01:16, failed, http=000, consecutive_failures=35
2026-05-16 04:39, failed, http=000, consecutive_failures=36
2026-05-16 07:01, failed, http=000, consecutive_failures=37
2026-05-16 08:52, failed, http=000, consecutive_failures=38
2026-05-16 10:05, failed, http=000, consecutive_failures=39
2026-05-16 11:12, failed, http=000, consecutive_failures=40
2026-05-16 12:04, failed, http=000, consecutive_failures=41
2026-05-16 13:52, failed, http=000, consecutive_failures=42
2026-05-16 14:44, failed, http=000, consecutive_failures=43
2026-05-16 15:41, failed, http=000, consecutive_failures=44
2026-05-16 16:34, failed, http=000, consecutive_failures=45
2026-05-16 17:32, failed, http=000, consecutive_failures=46
2026-05-16 18:33, failed, http=000, consecutive_failures=47
2026-05-16 19:41, failed, http=000, consecutive_failures=48
2026-05-16 20:26, failed, http=000, consecutive_failures=49
2026-05-16 21:08, failed, http=000, consecutive_failures=50
2026-05-16 22:01, failed, http=000, consecutive_failures=51
2026-05-16 22:53, failed, http=000, consecutive_failures=52
2026-05-16 23:37, failed, http=000, consecutive_failures=53
2026-05-17 01:28, failed, http=000, consecutive_failures=54
2026-05-17 05:08, failed, http=000, consecutive_failures=55
2026-05-17 07:42, failed, http=000, consecutive_failures=56
2026-05-17 09:23, failed, http=000, consecutive_failures=57
2026-05-17 10:45, failed, http=000, consecutive_failures=58
2026-05-17 11:45, failed, http=000, consecutive_failures=59
2026-05-17 12:40, failed, http=000, consecutive_failures=60
2026-05-17 14:09, failed, http=000, consecutive_failures=61
2026-05-17 15:14, failed, http=000, consecutive_failures=62
2026-05-17 16:11, failed, http=000, consecutive_failures=63
2026-05-17 17:12, failed, http=000, consecutive_failures=64
2026-05-17 18:09, failed, http=000, consecutive_failures=65
2026-05-17 19:33, failed, http=000, consecutive_failures=66
2026-05-17 20:26, failed, http=000, consecutive_failures=67
2026-05-17 21:12, failed, http=000, consecutive_failures=68
2026-05-17 22:07, failed, http=000, consecutive_failures=69
2026-05-17 23:07, failed, http=000, consecutive_failures=70
2026-05-18 00:07, failed, http=000, consecutive_failures=71
2026-05-18 04:38, failed, http=000, consecutive_failures=72
2026-05-18 08:33, failed, http=000, consecutive_failures=73
2026-05-18 12:00, failed, http=000, consecutive_failures=74
2026-05-18 15:40, failed, http=000, consecutive_failures=75
2026-05-18 17:47, failed, http=000, consecutive_failures=76
2026-05-18 19:16, failed, http=000, consecutive_failures=77
2026-05-18 20:47, failed, http=000, consecutive_failures=78
2026-05-18 21:52, failed, http=000, consecutive_failures=79
2026-05-18 22:44, failed, http=000, consecutive_failures=80
2026-05-18 23:45, failed, http=000, consecutive_failures=81
2026-05-19 01:48, failed, http=000, consecutive_failures=82
2026-05-19 05:51, failed, http=000, consecutive_failures=83
2026-05-19 08:50, failed, http=000, consecutive_failures=84
2026-05-19 11:48, failed, http=000, consecutive_failures=85
2026-05-19 14:18, failed, http=000, consecutive_failures=86
2026-05-19 17:17, failed, http=000, consecutive_failures=87
2026-05-19 19:19, failed, http=000, consecutive_failures=88
2026-05-19 20:53, failed, http=000, consecutive_failures=89
2026-05-19 22:02, failed, http=000, consecutive_failures=90
2026-05-19 23:12, failed, http=000, consecutive_failures=91
2026-05-20 00:17, failed, http=000, consecutive_failures=92
2026-05-20 04:38, failed, http=000, consecutive_failures=93
2026-05-20 08:03, failed, http=000, consecutive_failures=94
2026-05-20 11:16, failed, http=000, consecutive_failures=95
2026-05-20 13:47, failed, http=000, consecutive_failures=96
2026-05-20 16:39, failed, http=000, consecutive_failures=97
2026-05-20 19:05, failed, http=000, consecutive_failures=98
2026-05-20 21:06, failed, http=000, consecutive_failures=99
2026-05-20 22:40, failed, http=000, consecutive_failures=100
2026-05-20 23:52, failed, http=000, consecutive_failures=101
2026-05-21 01:50, failed, http=000, consecutive_failures=102
2026-05-21 05:56, failed, http=000, consecutive_failures=103
2026-05-21 08:58, failed, http=000, consecutive_failures=104
2026-05-21 12:12, failed, http=000, consecutive_failures=105
2026-05-21 15:51, failed, http=000, consecutive_failures=106
2026-05-21 17:47, failed, http=000, consecutive_failures=107
2026-05-21 19:30, failed, http=000, consecutive_failures=108
2026-05-21 21:13, failed, http=000, consecutive_failures=109
2026-05-21 22:41, failed, http=000, consecutive_failures=110
2026-05-21 23:39, failed, http=000, consecutive_failures=111
2026-05-22 01:33, failed, http=000, consecutive_failures=112
2026-05-22 05:44, failed, http=000, consecutive_failures=113
2026-05-22 08:39, failed, http=000, consecutive_failures=114
2026-05-22 11:28, failed, http=000, consecutive_failures=115
2026-05-22 13:42, failed, http=000, consecutive_failures=116
2026-05-22 16:05, failed, http=000, consecutive_failures=117
2026-05-22 18:00, failed, http=000, consecutive_failures=118
2026-05-22 19:49, failed, http=000, consecutive_failures=119
2026-05-22 21:00, failed, http=000, consecutive_failures=120
2026-05-22 22:10, failed, http=000, consecutive_failures=121
2026-05-22 23:17, failed, http=000, consecutive_failures=122
2026-05-23 00:16, failed, http=000, consecutive_failures=123
2026-05-23 04:09, failed, http=000, consecutive_failures=124
2026-05-23 06:43, failed, http=000, consecutive_failures=125
2026-05-23 08:53, failed, http=000, consecutive_failures=126
2026-05-23 10:18, failed, http=000, consecutive_failures=127
2026-05-23 11:37, failed, http=000, consecutive_failures=128
2026-05-23 12:40, failed, http=000, consecutive_failures=129
2026-05-23 14:12, failed, http=000, consecutive_failures=130
2026-05-23 15:18, failed, http=000, consecutive_failures=131
2026-05-23 16:15, failed, http=000, consecutive_failures=132
2026-05-23 17:17, failed, http=000, consecutive_failures=133
2026-05-23 18:12, failed, http=000, consecutive_failures=134
2026-05-23 19:36, failed, http=000, consecutive_failures=135
2026-05-23 20:28, failed, http=000, consecutive_failures=136
2026-05-23 21:25, failed, http=000, consecutive_failures=137
2026-05-23 22:11, failed, http=000, consecutive_failures=138
2026-05-23 23:09, failed, http=000, consecutive_failures=139
2026-05-24 00:09, failed, http=000, consecutive_failures=140
2026-05-24 04:36, failed, http=000, consecutive_failures=141
2026-05-24 07:38, failed, http=000, consecutive_failures=142
2026-05-24 09:30, failed, http=000, consecutive_failures=143
2026-05-24 10:55, failed, http=000, consecutive_failures=144
2026-05-24 11:57, failed, http=000, consecutive_failures=145
2026-05-24 13:16, failed, http=000, consecutive_failures=146
2026-05-24 14:44, failed, http=000, consecutive_failures=147
2026-05-24 15:47, failed, http=000, consecutive_failures=148
2026-05-24 16:44, failed, http=000, consecutive_failures=149
2026-05-24 17:41, failed, http=000, consecutive_failures=150
2026-05-24 18:46, failed, http=000, consecutive_failures=151
2026-05-24 19:52, failed, http=000, consecutive_failures=152
2026-05-24 20:39, failed, http=000, consecutive_failures=153
2026-05-24 21:36, failed, http=000, consecutive_failures=154
2026-05-24 22:36, failed, http=000, consecutive_failures=155
2026-05-24 23:38, failed, http=000, consecutive_failures=156
2026-05-25 01:36, failed, http=000, consecutive_failures=157
2026-05-25 06:06, failed, http=000, consecutive_failures=158
2026-05-25 10:43, failed, http=000, consecutive_failures=159
2026-05-25 13:48, failed, http=000, consecutive_failures=160
2026-05-25 16:10, failed, http=000, consecutive_failures=161
2026-05-25 17:53, failed, http=000, consecutive_failures=162
2026-05-25 19:09, failed, http=000, consecutive_failures=163
2026-05-25 20:41, failed, http=000, consecutive_failures=164
2026-05-25 21:50, failed, http=000, consecutive_failures=165
2026-05-25 22:46, failed, http=000, consecutive_failures=166
2026-05-25 23:46, failed, http=000, consecutive_failures=167
2026-05-26 01:31, failed, http=000, consecutive_failures=168
2026-05-26 05:43, failed, http=000, consecutive_failures=169
2026-05-26 08:54, failed, http=000, consecutive_failures=170
2026-05-26 14:27, failed, http=000, consecutive_failures=171
2026-05-26 17:41, failed, http=000, consecutive_failures=172
2026-05-26 19:37, failed, http=000, consecutive_failures=173
2026-05-26 21:16, failed, http=000, consecutive_failures=174
2026-05-26 22:40, failed, http=000, consecutive_failures=175
2026-05-26 23:45, failed, http=000, consecutive_failures=176
2026-05-27 01:52, failed, http=000, consecutive_failures=177
2026-05-27 06:04, failed, http=000, consecutive_failures=178
2026-05-27 10:14, failed, http=000, consecutive_failures=179
2026-05-27 13:48, failed, http=000, consecutive_failures=180
2026-05-27 16:53, failed, http=000, consecutive_failures=181
2026-05-27 19:10, failed, http=000, consecutive_failures=182
2026-05-27 21:07, failed, http=000, consecutive_failures=183
2026-05-27 22:48, failed, http=000, consecutive_failures=184
2026-05-27 23:49, failed, http=000, consecutive_failures=185
2026-05-28 01:27, failed, http=000, consecutive_failures=186
2026-05-28 05:43, failed, http=000, consecutive_failures=187
2026-05-28 09:04, failed, http=000, consecutive_failures=188
2026-05-28 12:39, failed, http=000, consecutive_failures=189
2026-05-28 16:41, failed, http=000, consecutive_failures=190
2026-05-28 19:18, failed, http=000, consecutive_failures=191
2026-05-28 21:22, failed, http=000, consecutive_failures=192
2026-05-28 22:48, failed, http=000, consecutive_failures=193
2026-05-28 23:56, failed, http=000, consecutive_failures=194
2026-05-29 02:29, failed, http=000, consecutive_failures=195
2026-05-29 06:38, failed, http=000, consecutive_failures=196
2026-05-29 10:32, failed, http=000, consecutive_failures=197
2026-05-29 13:44, failed, http=000, consecutive_failures=198
2026-05-29 17:01, failed, http=000, consecutive_failures=199
2026-05-29 19:34, failed, http=000, consecutive_failures=200
2026-05-29 21:23, failed, http=000, consecutive_failures=201
2026-05-29 22:46, failed, http=000, consecutive_failures=202
2026-05-29 23:54, failed, http=000, consecutive_failures=203
2026-05-30 01:46, failed, http=000, consecutive_failures=204
2026-05-30 05:35, failed, http=000, consecutive_failures=205
2026-05-30 08:05, failed, http=000, consecutive_failures=206
2026-05-30 10:09, failed, http=000, consecutive_failures=207
2026-05-30 11:43, failed, http=000, consecutive_failures=208
2026-05-30 12:48, failed, http=000, consecutive_failures=209
2026-05-30 14:19, failed, http=000, consecutive_failures=210
2026-05-30 15:39, failed, http=000, consecutive_failures=211
2026-05-30 16:39, failed, http=000, consecutive_failures=212
2026-05-30 17:42, failed, http=000, consecutive_failures=213
2026-05-30 18:45, failed, http=000, consecutive_failures=214
2026-05-30 19:55, failed, http=000, consecutive_failures=215
2026-05-30 20:43, failed, http=000, consecutive_failures=216
2026-05-30 21:41, failed, http=000, consecutive_failures=217
2026-05-30 22:37, failed, http=000, consecutive_failures=218
2026-05-30 23:38, failed, http=000, consecutive_failures=219
2026-05-31 01:37, failed, http=000, consecutive_failures=220
2026-05-31 06:00, failed, http=000, consecutive_failures=221
2026-05-31 08:51, failed, http=000, consecutive_failures=222
2026-05-31 10:48, failed, http=000, consecutive_failures=223
2026-05-31 12:04, failed, http=000, consecutive_failures=224
2026-05-31 14:06, failed, http=000, consecutive_failures=225
2026-05-31 15:25, failed, http=000, consecutive_failures=226
2026-05-31 16:39, failed, http=000, consecutive_failures=227
2026-05-31 17:43, failed, http=000, consecutive_failures=228
2026-05-31 18:50, failed, http=000, consecutive_failures=229
2026-05-31 19:57, failed, http=000, consecutive_failures=230
2026-05-31 20:52, failed, http=000, consecutive_failures=231
2026-05-31 21:43, failed, http=000, consecutive_failures=232
2026-05-31 22:40, failed, http=000, consecutive_failures=233
2026-05-31 23:43, failed, http=000, consecutive_failures=234
2026-06-01 02:00, failed, http=000, consecutive_failures=235
2026-06-01 06:59, failed, http=000, consecutive_failures=236
2026-06-01 12:36, failed, http=000, consecutive_failures=237
2026-06-01 18:25, failed, http=000, consecutive_failures=238
2026-06-01 21:46, failed, http=000, consecutive_failures=239
2026-06-01 23:17, failed, http=000, consecutive_failures=240
2026-06-02 01:38, failed, http=000, consecutive_failures=241
2026-06-02 06:19, failed, http=000, consecutive_failures=242
2026-06-02 10:57, failed, http=000, consecutive_failures=243
2026-06-02 14:47, failed, http=000, consecutive_failures=244
2026-06-02 18:26, failed, http=000, consecutive_failures=245
2026-06-02 21:27, failed, http=000, consecutive_failures=246
2026-06-02 23:14, failed, http=000, consecutive_failures=247
2026-06-03 01:46, failed, http=000, consecutive_failures=248
2026-06-03 06:32, failed, http=000, consecutive_failures=249
2026-06-03 11:29, failed, http=000, consecutive_failures=250
2026-06-03 15:59, failed, http=000, consecutive_failures=251
2026-06-03 19:47, failed, http=000, consecutive_failures=252
2026-06-03 22:17, failed, http=000, consecutive_failures=253
2026-06-04 00:03, failed, http=000, consecutive_failures=254
2026-06-04 04:57, failed, http=000, consecutive_failures=255
2026-06-04 08:44, failed, http=000, consecutive_failures=256
2026-06-04 11:39, failed, http=000, consecutive_failures=257
2026-06-04 14:18, failed, http=000, consecutive_failures=258
2026-06-04 17:24, failed, http=000, consecutive_failures=259
2026-06-04 19:34, failed, http=000, consecutive_failures=260
2026-06-04 21:15, failed, http=000, consecutive_failures=261
2026-06-04 22:45, failed, http=000, consecutive_failures=262
2026-06-04 23:52, failed, http=000, consecutive_failures=263
2026-06-05 01:56, failed, http=000, consecutive_failures=264
2026-06-05 06:13, failed, http=000, consecutive_failures=265
2026-06-05 10:16, failed, http=000, consecutive_failures=266
2026-06-05 13:25, failed, http=000, consecutive_failures=267
2026-06-05 16:10, failed, http=000, consecutive_failures=268
2026-06-05 18:06, failed, http=000, consecutive_failures=269
2026-06-05 20:06, failed, http=000, consecutive_failures=270
2026-06-05 21:41, failed, http=000, consecutive_failures=271
2026-06-05 22:46, failed, http=000, consecutive_failures=272
2026-06-05 23:50, failed, http=000, consecutive_failures=273
2026-06-06 01:47, failed, http=000, consecutive_failures=274
2026-06-06 05:42, failed, http=000, consecutive_failures=275
2026-06-06 08:10, failed, http=000, consecutive_failures=276
2026-06-06 10:19, failed, http=000, consecutive_failures=277
2026-06-06 11:47, failed, http=000, consecutive_failures=278
2026-06-06 12:56, failed, http=000, consecutive_failures=279
2026-06-06 14:24, failed, http=000, consecutive_failures=280
2026-06-06 15:45, failed, http=000, consecutive_failures=281
2026-06-06 16:47, failed, http=000, consecutive_failures=282
2026-06-06 17:52, failed, http=000, consecutive_failures=283
2026-06-06 18:57, failed, http=000, consecutive_failures=284
2026-06-06 20:06, failed, http=000, consecutive_failures=285
2026-06-06 21:14, failed, http=000, consecutive_failures=286
2026-06-06 22:16, failed, http=000, consecutive_failures=287
2026-06-06 23:18, failed, http=000, consecutive_failures=288
2026-06-07 01:33, failed, http=000, consecutive_failures=289
2026-06-07 06:05, failed, http=000, consecutive_failures=290
2026-06-07 09:31, failed, http=000, consecutive_failures=291
2026-06-07 11:20, failed, http=000, consecutive_failures=292
2026-06-07 12:52, failed, http=000, consecutive_failures=293
2026-06-07 14:43, failed, http=000, consecutive_failures=294
2026-06-07 15:58, failed, http=000, consecutive_failures=295
2026-06-07 17:13, failed, http=000, consecutive_failures=296
2026-06-07 18:19, failed, http=000, consecutive_failures=297
2026-06-07 19:49, failed, http=000, consecutive_failures=298
2026-06-07 20:53, failed, http=000, consecutive_failures=299
2026-06-07 21:55, failed, http=000, consecutive_failures=300
2026-06-07 22:52, failed, http=000, consecutive_failures=301
2026-06-07 23:53, failed, http=000, consecutive_failures=302
2026-06-08 02:06, failed, http=000, consecutive_failures=303
2026-06-08 06:57, failed, http=000, consecutive_failures=304
2026-06-08 11:51, failed, http=000, consecutive_failures=305
2026-06-08 15:18, failed, http=000, consecutive_failures=306
2026-06-08 18:09, failed, http=000, consecutive_failures=307
2026-06-08 20:30, failed, http=000, consecutive_failures=308
2026-06-08 22:10, failed, http=000, consecutive_failures=309
2026-06-08 23:22, failed, http=000, consecutive_failures=310
2026-06-09 01:25, failed, http=000, consecutive_failures=311
2026-06-09 05:36, failed, http=000, consecutive_failures=312
2026-06-09 08:48, failed, http=000, consecutive_failures=313
2026-06-09 11:47, failed, http=000, consecutive_failures=314
2026-06-09 14:07, failed, http=000, consecutive_failures=315
2026-06-09 16:41, failed, http=000, consecutive_failures=316
2026-06-09 18:36, failed, http=000, consecutive_failures=317
2026-06-09 20:33, failed, http=000, consecutive_failures=318
2026-06-09 22:10, failed, http=000, consecutive_failures=319
2026-06-09 23:40, failed, http=000, consecutive_failures=320
2026-06-10 01:50, failed, http=000, consecutive_failures=321
2026-06-10 06:08, failed, http=000, consecutive_failures=322
2026-06-10 10:20, failed, http=000, consecutive_failures=323
2026-06-10 13:51, failed, http=000, consecutive_failures=324
2026-06-10 16:51, failed, http=000, consecutive_failures=325
2026-06-10 19:25, failed, http=000, consecutive_failures=326
2026-06-10 21:32, failed, http=000, consecutive_failures=327
2026-06-10 23:09, failed, http=000, consecutive_failures=328
2026-06-11 01:36, failed, http=000, consecutive_failures=329
2026-06-11 06:21, failed, http=000, consecutive_failures=330
2026-06-11 11:01, failed, http=000, consecutive_failures=331
2026-06-11 14:40, failed, http=000, consecutive_failures=332
2026-06-11 17:54, failed, http=000, consecutive_failures=333
2026-06-11 20:03, failed, http=000, consecutive_failures=334
2026-06-11 22:08, failed, http=000, consecutive_failures=335
2026-06-11 23:50, failed, http=000, consecutive_failures=336
2026-06-12 02:01, failed, http=000, consecutive_failures=337
2026-06-12 06:49, failed, http=000, consecutive_failures=338
2026-06-12 10:54, failed, http=000, consecutive_failures=339
2026-06-12 13:55, failed, http=000, consecutive_failures=340
2026-06-12 16:37, failed, http=000, consecutive_failures=341
2026-06-12 18:27, failed, http=000, consecutive_failures=342
2026-06-12 20:34, failed, http=000, consecutive_failures=343
2026-06-12 22:09, failed, http=000, consecutive_failures=344
2026-06-12 23:45, failed, http=000, consecutive_failures=345
2026-06-13 01:53, failed, http=000, consecutive_failures=346
2026-06-13 06:04, failed, http=000, consecutive_failures=347
2026-06-13 09:29, failed, http=000, consecutive_failures=348
2026-06-13 11:28, failed, http=000, consecutive_failures=349
2026-06-13 13:02, failed, http=000, consecutive_failures=350
2026-06-13 15:04, failed, http=000, consecutive_failures=351
2026-06-13 16:24, failed, http=000, consecutive_failures=352
2026-06-13 17:49, failed, http=000, consecutive_failures=353
2026-06-13 18:59, failed, http=000, consecutive_failures=354
2026-06-13 20:16, failed, http=000, consecutive_failures=355
2026-06-13 21:39, failed, http=000, consecutive_failures=356
2026-06-13 22:42, failed, http=000, consecutive_failures=357
2026-06-13 23:45, failed, http=000, consecutive_failures=358
2026-06-14 02:01, failed, http=000, consecutive_failures=359
2026-06-14 06:47, failed, http=000, consecutive_failures=360
2026-06-14 10:15, failed, http=000, consecutive_failures=361
2026-06-14 12:15, failed, http=000, consecutive_failures=362
2026-06-14 14:29, failed, http=000, consecutive_failures=363
2026-06-14 16:05, failed, http=000, consecutive_failures=364
2026-06-14 17:39, failed, http=000, consecutive_failures=365
2026-06-14 18:53, failed, http=000, consecutive_failures=366
2026-06-14 20:12, failed, http=000, consecutive_failures=367
2026-06-14 21:37, failed, http=000, consecutive_failures=368
2026-06-14 22:47, failed, http=000, consecutive_failures=369
2026-06-14 23:52, failed, http=000, consecutive_failures=370
2026-06-15 02:08, failed, http=000, consecutive_failures=371
2026-06-15 07:34, failed, http=000, consecutive_failures=372
2026-06-15 13:33, failed, http=000, consecutive_failures=373
2026-06-15 18:11, failed, http=000, consecutive_failures=374
2026-06-15 21:19, failed, http=000, consecutive_failures=375
2026-06-15 23:11, failed, http=000, consecutive_failures=376
2026-06-16 01:46, failed, http=000, consecutive_failures=377
2026-06-16 07:07, failed, http=000, consecutive_failures=378
2026-06-16 12:19, failed, http=000, consecutive_failures=379
2026-06-16 17:24, failed, http=000, consecutive_failures=380
2026-06-16 20:21, failed, http=000, consecutive_failures=381
2026-06-16 22:24, failed, http=000, consecutive_failures=382
2026-06-16 23:52, failed, http=000, consecutive_failures=383
2026-06-17 02:08, failed, http=000, consecutive_failures=384
2026-06-17 07:24, failed, http=000, consecutive_failures=385
2026-06-17 11:59, failed, http=000, consecutive_failures=386
2026-06-17 15:31, failed, http=000, consecutive_failures=387
2026-06-17 18:02, failed, http=000, consecutive_failures=388
2026-06-17 20:25, failed, http=000, consecutive_failures=389
2026-06-17 22:17, failed, http=000, consecutive_failures=390
2026-06-17 23:51, failed, http=000, consecutive_failures=391
2026-06-18 02:05, failed, http=000, consecutive_failures=392
2026-06-18 07:01, failed, http=000, consecutive_failures=393
2026-06-18 11:11, failed, http=000, consecutive_failures=394
2026-06-18 14:20, failed, http=000, consecutive_failures=395
2026-06-18 17:33, failed, http=000, consecutive_failures=396
2026-06-18 19:40, failed, http=000, consecutive_failures=397
2026-06-18 21:36, failed, http=000, consecutive_failures=398
2026-06-18 23:22, failed, http=000, consecutive_failures=399
2026-06-19 02:10, failed, http=000, consecutive_failures=400
2026-06-19 07:23, failed, http=000, consecutive_failures=401
2026-06-19 11:43, failed, http=000, consecutive_failures=402
2026-06-19 14:28, failed, http=000, consecutive_failures=403
2026-06-19 16:57, failed, http=000, consecutive_failures=404
2026-06-19 18:50, failed, http=000, consecutive_failures=405
2026-06-19 20:21, failed, http=000, consecutive_failures=406
2026-06-19 21:38, failed, http=000, consecutive_failures=407
2026-06-19 22:33, failed, http=000, consecutive_failures=408
2026-06-19 23:40, failed, http=000, consecutive_failures=409
2026-06-20 01:50, failed, http=000, consecutive_failures=410
2026-06-20 06:04, failed, http=000, consecutive_failures=411
2026-06-20 09:31, failed, http=000, consecutive_failures=412
2026-06-20 11:30, failed, http=000, consecutive_failures=413
2026-06-20 13:04, failed, http=000, consecutive_failures=414
2026-06-20 15:07, failed, http=000, consecutive_failures=415
2026-06-20 16:43, failed, http=000, consecutive_failures=416
2026-06-20 17:59, failed, http=000, consecutive_failures=417
2026-06-20 19:25, failed, http=000, consecutive_failures=418
2026-06-20 20:46, failed, http=000, consecutive_failures=419
2026-06-20 21:54, failed, http=000, consecutive_failures=420
2026-06-20 22:55, failed, http=000, consecutive_failures=421
2026-06-20 23:57, failed, http=000, consecutive_failures=422
2026-06-21 03:30, failed, http=000, consecutive_failures=423
2026-06-21 08:15, failed, http=000, consecutive_failures=424
2026-06-21 11:24, failed, http=000, consecutive_failures=425
2026-06-21 13:20, failed, http=000, consecutive_failures=426
2026-06-21 15:18, failed, http=000, consecutive_failures=427
2026-06-21 16:55, failed, http=000, consecutive_failures=428
2026-06-21 18:14, failed, http=000, consecutive_failures=429
2026-06-21 20:02, failed, http=000, consecutive_failures=430
2026-06-21 21:21, failed, http=000, consecutive_failures=431
2026-06-21 22:38, failed, http=000, consecutive_failures=432
2026-06-21 23:53, failed, http=000, consecutive_failures=433
2026-06-22 02:11, failed, http=000, consecutive_failures=434
2026-06-22 07:39, failed, http=000, consecutive_failures=435
2026-06-22 13:15, failed, http=000, consecutive_failures=436
2026-06-22 17:50, failed, http=000, consecutive_failures=437
2026-06-22 20:24, failed, http=000, consecutive_failures=438
2026-06-22 22:19, failed, http=000, consecutive_failures=439
2026-06-22 23:45, failed, http=000, consecutive_failures=440
2026-06-23 01:34, failed, http=000, consecutive_failures=441
2026-06-23 05:48, failed, http=000, consecutive_failures=442
2026-06-23 08:49, failed, http=000, consecutive_failures=443
2026-06-23 11:47, failed, http=000, consecutive_failures=444
2026-06-23 14:07, failed, http=000, consecutive_failures=445
2026-06-23 16:35, failed, http=000, consecutive_failures=446
2026-06-23 18:25, failed, http=000, consecutive_failures=447
2026-06-23 20:28, failed, http=000, consecutive_failures=448
2026-06-23 21:56, failed, http=000, consecutive_failures=449
2026-06-23 22:59, failed, http=000, consecutive_failures=450
2026-06-23 23:57, failed, http=000, consecutive_failures=451
2026-06-24 02:43, failed, http=000, consecutive_failures=452
2026-06-24 06:31, failed, http=000, consecutive_failures=453
2026-06-24 09:58, failed, http=000, consecutive_failures=454
2026-06-24 12:16, failed, http=000, consecutive_failures=455
2026-06-24 15:10, failed, http=000, consecutive_failures=456
2026-06-24 17:16, failed, http=000, consecutive_failures=457
2026-06-24 19:00, failed, http=000, consecutive_failures=458
2026-06-24 20:49, failed, http=000, consecutive_failures=459
2026-06-24 22:01, failed, http=000, consecutive_failures=460
2026-06-24 23:12, failed, http=000, consecutive_failures=461
2026-06-25 00:20, failed, http=000, consecutive_failures=462
2026-06-25 04:37, failed, http=000, consecutive_failures=463
2026-06-25 08:01, failed, http=000, consecutive_failures=464
2026-06-25 10:46, failed, http=000, consecutive_failures=465
2026-06-25 13:07, failed, http=000, consecutive_failures=466
2026-06-25 15:44, failed, http=000, consecutive_failures=467
2026-06-25 17:34, failed, http=000, consecutive_failures=468
2026-06-25 19:26, failed, http=000, consecutive_failures=469
2026-06-25 21:09, failed, http=000, consecutive_failures=470
2026-06-25 22:42, failed, http=000, consecutive_failures=471
2026-06-25 23:57, failed, http=000, consecutive_failures=472
2026-06-26 02:48, failed, http=000, consecutive_failures=473
2026-06-26 06:39, failed, http=000, consecutive_failures=474
2026-06-26 10:00, failed, http=000, consecutive_failures=475
2026-06-26 12:12, failed, http=000, consecutive_failures=476
2026-06-26 14:46, failed, http=000, consecutive_failures=477
2026-06-26 16:51, failed, http=000, consecutive_failures=478
2026-06-26 18:18, failed, http=000, consecutive_failures=479
2026-06-26 20:13, failed, http=000, consecutive_failures=480
2026-06-26 21:39, failed, http=000, consecutive_failures=481
2026-06-26 22:48, failed, http=000, consecutive_failures=482
2026-06-26 23:48, failed, http=000, consecutive_failures=483
2026-06-27 01:46, failed, http=000, consecutive_failures=484
2026-06-27 05:39, failed, http=000, consecutive_failures=485
2026-06-27 08:14, failed, http=000, consecutive_failures=486
2026-06-27 10:23, failed, http=000, consecutive_failures=487
2026-06-27 11:49, failed, http=000, consecutive_failures=488
2026-06-27 12:58, failed, http=000, consecutive_failures=489
2026-06-27 14:27, failed, http=000, consecutive_failures=490
2026-06-27 15:47, failed, http=000, consecutive_failures=491
2026-06-27 16:48, failed, http=000, consecutive_failures=492
2026-06-27 17:47, failed, http=000, consecutive_failures=493
2026-06-27 18:54, failed, http=000, consecutive_failures=494
2026-06-27 20:01, failed, http=000, consecutive_failures=495
2026-06-27 21:11, failed, http=000, consecutive_failures=496
2026-06-27 22:14, failed, http=000, consecutive_failures=497
2026-06-27 23:16, failed, http=000, consecutive_failures=498
2026-06-28 00:15, failed, http=000, consecutive_failures=499
2026-06-28 04:51, failed, http=000, consecutive_failures=500
2026-06-28 08:13, failed, http=000, consecutive_failures=501
2026-06-28 10:34, failed, http=000, consecutive_failures=502
2026-06-28 12:05, failed, http=000, consecutive_failures=503
2026-06-28 14:08, failed, http=000, consecutive_failures=504
2026-06-28 15:37, failed, http=000, consecutive_failures=505
2026-06-28 16:45, failed, http=000, consecutive_failures=506
2026-06-28 17:49, failed, http=000, consecutive_failures=507
2026-06-28 18:54, failed, http=000, consecutive_failures=508
2026-06-28 20:03, failed, http=000, consecutive_failures=509
2026-06-28 21:12, failed, http=000, consecutive_failures=510
2026-06-28 22:13, failed, http=000, consecutive_failures=511
2026-06-28 23:17, failed, http=000, consecutive_failures=512
2026-06-29 01:32, failed, http=000, consecutive_failures=513
2026-06-29 06:19, failed, http=000, consecutive_failures=514
2026-06-29 11:26, failed, http=000, consecutive_failures=515
2026-06-29 14:54, failed, http=000, consecutive_failures=516
2026-06-29 17:25, failed, http=000, consecutive_failures=517
2026-06-29 19:19, failed, http=000, consecutive_failures=518
2026-06-29 21:01, failed, http=000, consecutive_failures=519
2026-06-29 22:13, failed, http=000, consecutive_failures=520
2026-06-29 23:15, failed, http=000, consecutive_failures=521
2026-06-30 00:20, failed, http=000, consecutive_failures=522
2026-06-30 04:37, failed, http=000, consecutive_failures=523
2026-06-30 08:08, failed, http=000, consecutive_failures=524
2026-06-30 11:18, failed, http=000, consecutive_failures=525
2026-06-30 13:17, failed, http=000, consecutive_failures=526
2026-06-30 15:42, failed, http=000, consecutive_failures=527
2026-06-30 17:27, failed, http=000, consecutive_failures=528
2026-06-30 19:16, failed, http=000, consecutive_failures=529
2026-06-30 21:06, failed, http=000, consecutive_failures=530
2026-06-30 22:22, failed, http=000, consecutive_failures=531
2026-06-30 23:40, failed, http=000, consecutive_failures=532
2026-07-01 01:55, failed, http=000, consecutive_failures=533
2026-07-01 06:14, failed, http=000, consecutive_failures=534
2026-07-01 10:13, failed, http=000, consecutive_failures=535
2026-07-01 12:47, failed, http=000, consecutive_failures=536
2026-07-01 15:30, failed, http=000, consecutive_failures=537
2026-07-01 17:28, failed, http=000, consecutive_failures=538
2026-07-01 19:17, failed, http=000, consecutive_failures=539
2026-07-01 20:55, failed, http=000, consecutive_failures=540
2026-07-01 22:11, failed, http=000, consecutive_failures=541
2026-07-01 23:40, failed, http=000, consecutive_failures=542
2026-07-02 01:35, failed, http=000, consecutive_failures=543
2026-07-02 05:38, failed, http=000, consecutive_failures=544
2026-07-02 08:31, failed, http=000, consecutive_failures=545
2026-07-02 11:09, failed, http=000, consecutive_failures=546
2026-07-02 13:04, failed, http=000, consecutive_failures=547
2026-07-02 15:25, failed, http=000, consecutive_failures=548
2026-07-02 17:07, failed, http=000, consecutive_failures=549
2026-07-02 18:44, failed, http=000, consecutive_failures=550
2026-07-02 20:07, failed, http=000, consecutive_failures=551
2026-07-02 21:20, failed, http=000, consecutive_failures=552
2026-07-02 22:30, failed, http=000, consecutive_failures=553
2026-07-02 23:38, failed, http=000, consecutive_failures=554
2026-07-03 01:13, failed, http=000, consecutive_failures=555
2026-07-03 04:56, failed, http=000, consecutive_failures=556
2026-07-03 07:55, failed, http=000, consecutive_failures=557
2026-07-03 10:25, failed, http=000, consecutive_failures=558
2026-07-03 12:23, failed, http=000, consecutive_failures=559
2026-07-03 14:35, failed, http=000, consecutive_failures=560
2026-07-03 16:09, failed, http=000, consecutive_failures=561
2026-07-03 17:44, failed, http=000, consecutive_failures=562
2026-07-03 18:50, failed, http=000, consecutive_failures=563
2026-07-03 20:05, failed, http=000, consecutive_failures=564
2026-07-03 21:19, failed, http=000, consecutive_failures=565
2026-07-03 22:17, failed, http=000, consecutive_failures=566
2026-07-03 23:29, failed, http=000, consecutive_failures=567
2026-07-04 01:08, failed, http=000, consecutive_failures=568
2026-07-04 04:47, failed, http=000, consecutive_failures=569
2026-07-04 07:30, failed, http=000, consecutive_failures=570
2026-07-04 09:37, failed, http=000, consecutive_failures=571
2026-07-04 11:08, failed, http=000, consecutive_failures=572
2026-07-04 12:14, failed, http=000, consecutive_failures=573
2026-07-04 13:57, failed, http=000, consecutive_failures=574
2026-07-04 15:02, failed, http=000, consecutive_failures=575
2026-07-04 16:09, failed, http=000, consecutive_failures=576
2026-07-04 17:17, failed, http=000, consecutive_failures=577
2026-07-04 18:14, failed, http=000, consecutive_failures=578
2026-07-04 19:36, failed, http=000, consecutive_failures=579
2026-07-04 20:31, failed, http=000, consecutive_failures=580
2026-07-04 21:29, failed, http=000, consecutive_failures=581
2026-07-04 22:27, failed, http=000, consecutive_failures=582
2026-07-04 23:29, failed, http=000, consecutive_failures=583
2026-07-05 01:15, failed, http=000, consecutive_failures=584
2026-07-05 05:08, failed, http=000, consecutive_failures=585
2026-07-05 08:11, failed, http=000, consecutive_failures=586
2026-07-05 10:25, failed, http=000, consecutive_failures=587
2026-07-05 11:51, failed, http=000, consecutive_failures=588
2026-07-05 12:58, failed, http=000, consecutive_failures=589
2026-07-05 14:29, failed, http=000, consecutive_failures=590
2026-07-05 15:46, failed, http=000, consecutive_failures=591
2026-07-05 16:45, failed, http=000, consecutive_failures=592
2026-07-05 17:45, failed, http=000, consecutive_failures=593
2026-07-05 18:46, failed, http=000, consecutive_failures=594
2026-07-05 19:59, failed, http=000, consecutive_failures=595
2026-07-05 21:01, failed, http=000, consecutive_failures=596
2026-07-05 22:04, failed, http=000, consecutive_failures=597
2026-07-05 23:12, failed, http=000, consecutive_failures=598
2026-07-06 00:15, failed, http=000, consecutive_failures=599
2026-07-06 04:39, failed, http=000, consecutive_failures=600
2026-07-06 08:48, failed, http=000, consecutive_failures=601
2026-07-06 12:29, failed, http=000, consecutive_failures=602
2026-07-06 15:59, failed, http=000, consecutive_failures=603
2026-07-06 18:09, failed, http=000, consecutive_failures=604
2026-07-06 20:11, failed, http=000, consecutive_failures=605
2026-07-06 21:45, failed, http=000, consecutive_failures=606
2026-07-06 22:47, failed, http=000, consecutive_failures=607
2026-07-06 23:47, failed, http=000, consecutive_failures=608
2026-07-07 01:25, failed, http=000, consecutive_failures=609
2026-07-07 05:13, failed, http=000, consecutive_failures=610
2026-07-07 08:41, failed, http=000, consecutive_failures=611
2026-07-07 11:28, failed, http=000, consecutive_failures=612
2026-07-07 13:32, failed, http=000, consecutive_failures=613
2026-07-07 16:04, failed, http=000, consecutive_failures=614
2026-07-07 18:09, failed, http=000, consecutive_failures=615
2026-07-07 20:09, failed, http=000, consecutive_failures=616
2026-07-07 21:38, failed, http=000, consecutive_failures=617
2026-07-07 22:41, failed, http=000, consecutive_failures=618
2026-07-07 23:35, failed, http=000, consecutive_failures=619
2026-07-08 01:04, failed, http=000, consecutive_failures=620
2026-07-08 04:24, failed, http=000, consecutive_failures=621
2026-07-08 06:42, failed, http=000, consecutive_failures=622
2026-07-08 09:12, failed, http=000, consecutive_failures=623
2026-07-08 11:16, failed, http=000, consecutive_failures=624
2026-07-08 12:52, failed, http=000, consecutive_failures=625
2026-07-08 15:03, failed, http=000, consecutive_failures=626
2026-07-08 16:45, failed, http=000, consecutive_failures=627
2026-07-08 18:07, failed, http=000, consecutive_failures=628
2026-07-08 19:49, failed, http=000, consecutive_failures=629
2026-07-08 20:48, failed, http=000, consecutive_failures=630
2026-07-08 21:51, failed, http=000, consecutive_failures=631
2026-07-08 22:47, failed, http=000, consecutive_failures=632
2026-07-08 23:48, failed, http=000, consecutive_failures=633
2026-07-09 01:19, failed, http=000, consecutive_failures=634
2026-07-09 05:10, failed, http=000, consecutive_failures=635
2026-07-09 11:32, failed, http=000, consecutive_failures=636
2026-07-09 14:06, failed, http=000, consecutive_failures=637
2026-07-09 16:35, failed, http=000, consecutive_failures=638
2026-07-09 18:20, failed, http=000, consecutive_failures=639
2026-07-09 20:10, failed, http=000, consecutive_failures=640
2026-07-09 21:40, failed, http=000, consecutive_failures=641
2026-07-09 22:53, failed, http=000, consecutive_failures=642
2026-07-09 23:55, failed, http=000, consecutive_failures=643
2026-07-10 01:26, failed, http=000, consecutive_failures=644
2026-07-10 05:28, failed, http=000, consecutive_failures=645
2026-07-10 08:47, failed, http=000, consecutive_failures=646
2026-07-10 11:35, failed, http=000, consecutive_failures=647
2026-07-10 13:30, failed, http=000, consecutive_failures=648
2026-07-10 15:55, failed, http=000, consecutive_failures=649
2026-07-10 17:39, failed, http=000, consecutive_failures=650
2026-07-10 19:07, failed, http=000, consecutive_failures=651
2026-07-10 20:39, failed, http=000, consecutive_failures=652
2026-07-10 21:38, failed, http=000, consecutive_failures=653
2026-07-10 22:37, failed, http=000, consecutive_failures=654
2026-07-10 23:33, failed, http=000, consecutive_failures=655
2026-07-11 01:01, failed, http=000, consecutive_failures=656
2026-07-11 04:15, failed, http=000, consecutive_failures=657
2026-07-11 06:26, failed, http=000, consecutive_failures=658
2026-07-11 08:17, failed, http=000, consecutive_failures=659
2026-07-11 09:50, failed, http=000, consecutive_failures=660
2026-07-11 10:46, failed, http=000, consecutive_failures=661
2026-07-11 11:36, failed, http=000, consecutive_failures=662
2026-07-11 12:34, failed, http=000, consecutive_failures=663
2026-07-11 14:03, failed, http=000, consecutive_failures=664
2026-07-11 15:04, failed, http=000, consecutive_failures=665
2026-07-11 16:03, failed, http=000, consecutive_failures=666
2026-07-11 17:07, failed, http=000, consecutive_failures=667
2026-07-11 18:01, failed, http=000, consecutive_failures=668
2026-07-11 19:12, failed, http=000, consecutive_failures=669
2026-07-11 20:10, failed, http=000, consecutive_failures=670
2026-07-11 21:02, failed, http=000, consecutive_failures=671
2026-07-11 21:56, failed, http=000, consecutive_failures=672
2026-07-11 22:37, failed, http=000, consecutive_failures=673
2026-07-11 23:33, failed, http=000, consecutive_failures=674
2026-07-12 01:07, failed, http=000, consecutive_failures=675
2026-07-12 04:32, failed, http=000, consecutive_failures=676
2026-07-12 07:08, failed, http=000, consecutive_failures=677
2026-07-12 09:10, failed, http=000, consecutive_failures=678
2026-07-12 10:42, failed, http=000, consecutive_failures=679
2026-07-12 11:42, failed, http=000, consecutive_failures=680
2026-07-12 12:35, failed, http=000, consecutive_failures=681
2026-07-12 14:08, failed, http=000, consecutive_failures=682
2026-07-12 15:10, failed, http=000, consecutive_failures=683
2026-07-12 16:08, failed, http=000, consecutive_failures=684
2026-07-12 17:12, failed, http=000, consecutive_failures=685
2026-07-12 18:07, failed, http=000, consecutive_failures=686
2026-07-12 19:19, failed, http=000, consecutive_failures=687
2026-07-12 20:10, failed, http=000, consecutive_failures=688
2026-07-12 21:03, failed, http=000, consecutive_failures=689
2026-07-12 21:59, failed, http=000, consecutive_failures=690
2026-07-12 22:47, failed, http=000, consecutive_failures=691
2026-07-12 23:37, failed, http=000, consecutive_failures=692
2026-07-13 01:10, failed, http=000, consecutive_failures=693
2026-07-13 04:42, failed, http=000, consecutive_failures=694
2026-07-13 07:52, failed, http=000, consecutive_failures=695
2026-07-13 10:44, failed, http=000, consecutive_failures=696
2026-07-13 13:04, failed, http=000, consecutive_failures=697
2026-07-13 15:47, failed, http=000, consecutive_failures=698
2026-07-13 17:43, failed, http=000, consecutive_failures=699
2026-07-13 19:03, failed, http=000, consecutive_failures=700
2026-07-13 20:20, failed, http=000, consecutive_failures=701
2026-07-13 21:15, failed, http=000, consecutive_failures=702
2026-07-13 22:10, failed, http=000, consecutive_failures=703
2026-07-13 23:10, failed, http=000, consecutive_failures=704
2026-07-14 00:03, failed, http=000, consecutive_failures=705
2026-07-14 03:21, failed, http=000, consecutive_failures=706
2026-07-14 05:42, failed, http=000, consecutive_failures=707
2026-07-14 07:27, failed, http=000, consecutive_failures=708
2026-07-14 09:22, failed, http=000, consecutive_failures=709
2026-07-14 10:58, failed, http=000, consecutive_failures=710
2026-07-14 12:08, failed, http=000, consecutive_failures=711
2026-07-14 14:08, failed, http=000, consecutive_failures=712
2026-07-14 15:41, failed, http=000, consecutive_failures=713
2026-07-14 16:49, failed, http=000, consecutive_failures=714
2026-07-14 17:50, failed, http=000, consecutive_failures=715
2026-07-14 18:52, failed, http=000, consecutive_failures=716
2026-07-14 20:00, failed, http=000, consecutive_failures=717
2026-07-14 21:02, failed, http=000, consecutive_failures=718
2026-07-14 22:04, failed, http=000, consecutive_failures=719
2026-07-14 23:05, failed, http=000, consecutive_failures=720
2026-07-15 00:00, failed, http=000, consecutive_failures=721
2026-07-15 02:41, failed, http=000, consecutive_failures=722
2026-07-15 05:17, failed, http=000, consecutive_failures=723
2026-07-15 07:24, failed, http=000, consecutive_failures=724
2026-07-15 09:25, failed, http=000, consecutive_failures=725
2026-07-15 11:05, failed, http=000, consecutive_failures=726
2026-07-15 12:21, failed, http=000, consecutive_failures=727
2026-07-15 14:15, failed, http=000, consecutive_failures=728
2026-07-15 15:50, failed, http=000, consecutive_failures=729
2026-07-15 16:58, failed, http=000, consecutive_failures=730
2026-07-15 18:03, failed, http=000, consecutive_failures=731
2026-07-15 19:24, failed, http=000, consecutive_failures=732
2026-07-15 20:29, failed, http=000, consecutive_failures=733
2026-07-15 21:29, failed, http=000, consecutive_failures=734
2026-07-15 22:29, failed, http=000, consecutive_failures=735
2026-07-15 23:27, failed, http=000, consecutive_failures=736
2026-07-16 00:54, failed, http=000, consecutive_failures=737
2026-07-16 03:53, failed, http=000, consecutive_failures=738
2026-07-16 06:07, failed, http=000, consecutive_failures=739
2026-07-16 08:29, failed, http=000, consecutive_failures=740
2026-07-16 10:26, failed, http=000, consecutive_failures=741
2026-07-16 11:57, failed, http=000, consecutive_failures=742
2026-07-16 13:28, failed, http=000, consecutive_failures=743
2026-07-16 15:16, failed, http=000, consecutive_failures=744
2026-07-16 16:42, failed, http=000, consecutive_failures=745
2026-07-16 17:51, failed, http=000, consecutive_failures=746
2026-07-16 18:49, failed, http=000, consecutive_failures=747
2026-07-16 19:49, failed, http=000, consecutive_failures=748
2026-07-16 20:36, failed, http=000, consecutive_failures=749
2026-07-16 21:40, failed, http=000, consecutive_failures=750
2026-07-16 22:34, failed, http=000, consecutive_failures=751
2026-07-16 23:30, failed, http=000, consecutive_failures=752
2026-07-17 01:01, failed, http=000, consecutive_failures=753
2026-07-17 04:12, failed, http=000, consecutive_failures=754
2026-07-17 06:25, failed, http=000, consecutive_failures=755
2026-07-17 08:31, failed, http=000, consecutive_failures=756
2026-07-17 10:19, failed, http=000, consecutive_failures=757
2026-07-17 11:43, failed, http=000, consecutive_failures=758
2026-07-17 12:47, failed, http=000, consecutive_failures=759
2026-07-17 14:18, failed, http=000, consecutive_failures=760
2026-07-17 15:45, failed, http=000, consecutive_failures=761
2026-07-17 16:47, failed, http=000, consecutive_failures=762
2026-07-17 17:47, failed, http=000, consecutive_failures=763
2026-07-17 18:42, failed, http=000, consecutive_failures=764
2026-07-17 19:45, failed, http=000, consecutive_failures=765
2026-07-17 20:33, failed, http=000, consecutive_failures=766
2026-07-17 21:24, failed, http=000, consecutive_failures=767
2026-07-17 22:10, failed, http=000, consecutive_failures=768
2026-07-17 23:04, failed, http=000, consecutive_failures=769
2026-07-18 00:00, failed, http=000, consecutive_failures=770
2026-07-18 02:35, failed, http=000, consecutive_failures=771
2026-07-18 05:11, failed, http=000, consecutive_failures=772
2026-07-18 07:06, failed, http=000, consecutive_failures=773
2026-07-18 08:55, failed, http=000, consecutive_failures=774
2026-07-18 10:08, failed, http=000, consecutive_failures=775
2026-07-18 11:16, failed, http=000, consecutive_failures=776
2026-07-18 12:05, failed, http=000, consecutive_failures=777
2026-07-18 13:41, failed, http=000, consecutive_failures=778
2026-07-18 14:37, failed, http=000, consecutive_failures=779
2026-07-18 15:33, failed, http=000, consecutive_failures=780
2026-07-18 16:29, failed, http=000, consecutive_failures=781
2026-07-18 17:30, failed, http=000, consecutive_failures=782
2026-07-18 18:27, failed, http=000, consecutive_failures=783
2026-07-18 19:39, failed, http=000, consecutive_failures=784
2026-07-18 20:25, failed, http=000, consecutive_failures=785
2026-07-18 21:10, failed, http=000, consecutive_failures=786
2026-07-18 22:04, failed, http=000, consecutive_failures=787
2026-07-18 22:59, failed, http=000, consecutive_failures=788
2026-07-18 23:54, failed, http=000, consecutive_failures=789
2026-07-19 01:12, failed, http=000, consecutive_failures=790
2026-07-19 04:32, failed, http=000, consecutive_failures=791
2026-07-19 07:07, failed, http=000, consecutive_failures=792
2026-07-19 09:12, failed, http=000, consecutive_failures=793
2026-07-19 10:42, failed, http=000, consecutive_failures=794
2026-07-19 11:42, failed, http=000, consecutive_failures=795
2026-07-19 12:34, failed, http=000, consecutive_failures=796
2026-07-19 14:06, failed, http=000, consecutive_failures=797
2026-07-19 15:08, failed, http=000, consecutive_failures=798
2026-07-19 16:06, failed, http=000, consecutive_failures=799
2026-07-19 17:10, failed, http=000, consecutive_failures=800
2026-07-19 18:06, failed, http=000, consecutive_failures=801
2026-07-19 19:20, failed, http=000, consecutive_failures=802
2026-07-19 20:12, failed, http=000, consecutive_failures=803
2026-07-19 21:06, failed, http=000, consecutive_failures=804
2026-07-19 22:03, failed, http=000, consecutive_failures=805
2026-07-19 23:00, failed, http=000, consecutive_failures=806
2026-07-20 02:51, failed, http=000, consecutive_failures=807
2026-07-20 02:52, failed, http=000, consecutive_failures=808
2026-07-20 05:56, failed, http=000, consecutive_failures=809
2026-07-20 08:39, failed, http=000, consecutive_failures=810
2026-07-20 11:26, failed, http=000, consecutive_failures=811
2026-07-20 13:22, failed, http=000, consecutive_failures=812
2026-07-20 15:23, failed, http=000, consecutive_failures=813
2026-07-20 16:48, failed, http=000, consecutive_failures=814
2026-07-20 18:44, failed, http=000, consecutive_failures=815
2026-07-20 20:12, failed, http=000, consecutive_failures=816
2026-07-20 21:30, failed, http=000, consecutive_failures=817
2026-07-20 22:30, failed, http=000, consecutive_failures=818
2026-07-20 23:31, failed, http=000, consecutive_failures=819
2026-07-21 01:00, failed, http=000, consecutive_failures=820
2026-07-21 04:16, failed, http=000, consecutive_failures=821
2026-07-21 06:42, failed, http=000, consecutive_failures=822
2026-07-21 09:15, failed, http=000, consecutive_failures=823
2026-07-21 11:19, failed, http=000, consecutive_failures=824
2026-07-21 12:45, failed, http=000, consecutive_failures=825
2026-07-21 14:48, failed, http=000, consecutive_failures=826
2026-07-21 16:07, failed, http=000, consecutive_failures=827
2026-07-21 17:40, failed, http=000, consecutive_failures=828
2026-07-21 18:52, failed, http=000, consecutive_failures=829
2026-07-21 20:08, failed, http=000, consecutive_failures=830
2026-07-21 21:22, failed, http=000, consecutive_failures=831
2026-07-21 22:15, failed, http=000, consecutive_failures=832
2026-07-21 23:11, failed, http=000, consecutive_failures=833
2026-07-22 00:04, failed, http=000, consecutive_failures=834
2026-07-22 03:33, failed, http=000, consecutive_failures=835
2026-07-22 06:11, failed, http=000, consecutive_failures=836
2026-07-22 08:41, failed, http=000, consecutive_failures=837
2026-07-22 10:49, failed, http=000, consecutive_failures=838
2026-07-22 12:15, failed, http=000, consecutive_failures=839
2026-07-22 14:23, failed, http=000, consecutive_failures=840
2026-07-22 15:54, failed, http=000, consecutive_failures=841
2026-07-22 17:03, failed, http=000, consecutive_failures=842
2026-07-22 18:15, failed, http=000, consecutive_failures=843
2026-07-22 19:44, failed, http=000, consecutive_failures=844
2026-07-22 20:50, failed, http=000, consecutive_failures=845
2026-07-22 21:45, failed, http=000, consecutive_failures=846
2026-07-22 22:41, failed, http=000, consecutive_failures=847
2026-07-22 23:38, failed, http=000, consecutive_failures=848
2026-07-23 01:07, failed, http=000, consecutive_failures=849
2026-07-23 04:26, failed, http=000, consecutive_failures=850
2026-07-23 06:44, failed, http=000, consecutive_failures=851
2026-07-23 09:13, failed, http=000, consecutive_failures=852
2026-07-23 11:19, failed, http=000, consecutive_failures=853
2026-07-23 12:51, failed, http=000, consecutive_failures=854
2026-07-23 14:54, failed, http=000, consecutive_failures=855
2026-07-23 16:17, failed, http=000, consecutive_failures=856
2026-07-23 17:48, failed, http=000, consecutive_failures=857
2026-07-23 18:51, failed, http=000, consecutive_failures=858
2026-07-23 20:02, failed, http=000, consecutive_failures=859
2026-07-23 21:14, failed, http=000, consecutive_failures=860
2026-07-23 22:14, failed, http=000, consecutive_failures=861
2026-07-23 23:10, failed, http=000, consecutive_failures=862
2026-07-24 00:08, failed, http=000, consecutive_failures=863
2026-07-24 03:37, failed, http=000, consecutive_failures=864
2026-07-24 06:11, failed, http=000, consecutive_failures=865
2026-07-24 08:40, failed, http=000, consecutive_failures=866
2026-07-24 10:36, failed, http=000, consecutive_failures=867
2026-07-24 12:04, failed, http=000, consecutive_failures=868
2026-07-24 14:04, failed, http=000, consecutive_failures=869
2026-07-24 15:37, failed, http=000, consecutive_failures=870
2026-07-24 17:09, failed, http=000, consecutive_failures=871
2026-07-24 18:42, failed, http=000, consecutive_failures=872
2026-07-24 20:01, failed, http=000, consecutive_failures=873
2026-07-24 21:08, failed, http=000, consecutive_failures=874
2026-07-24 22:15, failed, http=000, consecutive_failures=875
2026-07-24 23:16, failed, http=000, consecutive_failures=876
2026-07-25 00:15, failed, http=000, consecutive_failures=877
2026-07-25 03:37, failed, http=000, consecutive_failures=878
2026-07-25 06:03, failed, http=000, consecutive_failures=879
2026-07-25 08:19, failed, http=000, consecutive_failures=880
2026-07-25 10:01, failed, http=000, consecutive_failures=881
2026-07-25 11:15, failed, http=000, consecutive_failures=882
2026-07-25 12:09, failed, http=000, consecutive_failures=883
2026-07-25 13:58, failed, http=000, consecutive_failures=884
2026-07-25 14:59, failed, http=000, consecutive_failures=885
2026-07-25 16:03, failed, http=000, consecutive_failures=886
2026-07-25 17:09, failed, http=000, consecutive_failures=887
2026-07-25 18:05, failed, http=000, consecutive_failures=888
2026-07-25 19:22, failed, http=000, consecutive_failures=889
2026-07-25 20:16, failed, http=000, consecutive_failures=890
2026-07-25 21:09, failed, http=000, consecutive_failures=891
2026-07-25 22:06, failed, http=000, consecutive_failures=892
2026-07-25 23:05, failed, http=000, consecutive_failures=893
2026-07-26 00:07, failed, http=000, consecutive_failures=894
2026-07-26 03:49, failed, http=000, consecutive_failures=895
2026-07-26 06:24, failed, http=000, consecutive_failures=896
2026-07-26 08:42, failed, http=000, consecutive_failures=897
2026-07-26 10:21, failed, http=000, consecutive_failures=898
2026-07-26 11:39, failed, http=000, consecutive_failures=899
2026-07-26 12:42, failed, http=000, consecutive_failures=900
2026-07-26 14:13, failed, http=000, consecutive_failures=901
2026-07-26 15:21, failed, http=000, consecutive_failures=902
2026-07-26 16:17, failed, http=000, consecutive_failures=903
2026-07-26 17:17, failed, http=000, consecutive_failures=904
2026-07-26 18:13, failed, http=000, consecutive_failures=905
2026-07-26 19:33, failed, http=000, consecutive_failures=906
2026-07-26 20:31, failed, http=000, consecutive_failures=907
2026-07-26 21:28, failed, http=000, consecutive_failures=908
2026-07-26 22:29, failed, http=000, consecutive_failures=909
2026-07-26 23:28, failed, http=000, consecutive_failures=910
2026-07-27 01:07, failed, http=000, consecutive_failures=911
2026-07-27 04:48, failed, http=000, consecutive_failures=912
2026-07-27 08:16, failed, http=000, consecutive_failures=913
2026-07-27 11:40, failed, http=000, consecutive_failures=914
2026-07-27 13:56, failed, http=000, consecutive_failures=915
2026-07-27 16:08, failed, http=000, consecutive_failures=916
2026-07-27 17:51, failed, http=000, consecutive_failures=917
2026-07-27 19:03, failed, http=000, consecutive_failures=918
2026-07-27 20:37, failed, http=000, consecutive_failures=919
2026-07-27 21:44, failed, http=000, consecutive_failures=920
2026-07-27 22:41, failed, http=000, consecutive_failures=921
2026-07-27 23:43, failed, http=000, consecutive_failures=922
2026-07-28 01:02, failed, http=000, consecutive_failures=923
2026-07-28 04:16, failed, http=000, consecutive_failures=924
2026-07-28 06:41, failed, http=000, consecutive_failures=925
2026-07-28 09:21, failed, http=000, consecutive_failures=926
2026-07-28 11:31, failed, http=000, consecutive_failures=927
2026-07-28 13:10, failed, http=000, consecutive_failures=928
2026-07-28 15:31, failed, http=000, consecutive_failures=929
2026-07-28 16:59, failed, http=000, consecutive_failures=930
2026-07-28 18:13, failed, http=000, consecutive_failures=931
2026-07-28 19:51, failed, http=000, consecutive_failures=932
2026-07-28 20:52, failed, http=000, consecutive_failures=933
2026-07-28 21:51, failed, http=000, consecutive_failures=934
2026-07-28 22:44, failed, http=000, consecutive_failures=935
2026-07-28 23:41, failed, http=000, consecutive_failures=936
2026-07-29 01:06, failed, http=000, consecutive_failures=937
2026-07-29 04:23, failed, http=000, consecutive_failures=938
2026-07-29 07:09, failed, http=000, consecutive_failures=939
2026-07-29 09:46, failed, http=000, consecutive_failures=940
2026-07-29 11:49, failed, http=000, consecutive_failures=941
2026-07-29 13:26, failed, http=000, consecutive_failures=942
2026-07-29 15:25, failed, http=000, consecutive_failures=943
2026-07-29 16:44, failed, http=000, consecutive_failures=944
2026-07-29 17:55, failed, http=000, consecutive_failures=945
2026-07-29 18:48, failed, http=000, consecutive_failures=946
2026-07-29 20:03, failed, http=000, consecutive_failures=947
2026-07-29 21:06, failed, http=000, consecutive_failures=948
2026-07-29 22:08, failed, http=000, consecutive_failures=949
2026-07-29 23:09, failed, http=000, consecutive_failures=950
2026-07-30 00:07, failed, http=000, consecutive_failures=951
2026-07-30 03:19, failed, http=000, consecutive_failures=952
2026-07-30 06:01, failed, http=000, consecutive_failures=953
2026-07-30 08:33, failed, http=000, consecutive_failures=954
2026-07-30 10:39, failed, http=000, consecutive_failures=955
2026-07-30 12:14, failed, http=000, consecutive_failures=956
2026-07-30 14:31, failed, http=000, consecutive_failures=957
2026-07-30 16:06, failed, http=000, consecutive_failures=958
2026-07-30 17:43, failed, http=000, consecutive_failures=959
2026-07-30 19:00, failed, http=000, consecutive_failures=960
2026-07-30 20:15, failed, http=000, consecutive_failures=961
2026-07-30 21:32, failed, http=000, consecutive_failures=962
2026-07-30 22:38, failed, http=000, consecutive_failures=963
2026-07-30 23:37, failed, http=000, consecutive_failures=964
2026-07-31 01:09, failed, http=000, consecutive_failures=965
2026-07-31 04:34, failed, http=000, consecutive_failures=966
2026-07-31 07:25, failed, http=000, consecutive_failures=967
2026-07-31 10:02, failed, http=000, consecutive_failures=968
2026-07-31 12:05, failed, http=000, consecutive_failures=969
2026-07-31 14:28, failed, http=000, consecutive_failures=970
2026-07-31 16:15, failed, http=000, consecutive_failures=971
2026-07-31 17:53, failed, http=000, consecutive_failures=972
2026-07-31 18:59, failed, http=000, consecutive_failures=973
2026-07-31 20:19, failed, http=000, consecutive_failures=974
2026-07-31 21:31, failed, http=000, consecutive_failures=975
2026-07-31 22:33, failed, http=000, consecutive_failures=976
2026-07-31 23:34, failed, http=000, consecutive_failures=977
2026-08-01 01:07, failed, http=000, consecutive_failures=978
2026-08-01 04:29, failed, http=000, consecutive_failures=979
2026-08-01 07:02, failed, http=000, consecutive_failures=980
2026-08-01 09:10, failed, http=000, consecutive_failures=981
2026-08-01 10:46, failed, http=000, consecutive_failures=982
2026-08-01 11:47, failed, http=000, consecutive_failures=983
2026-08-01 12:41, failed, http=000, consecutive_failures=984
2026-08-01 14:11, failed, http=000, consecutive_failures=985
2026-08-01 15:14, failed, http=000, consecutive_failures=986
2026-08-01 16:12, failed, http=000, consecutive_failures=987
2026-08-01 17:12, failed, http=000, consecutive_failures=988
2026-08-01 18:09, failed, http=000, consecutive_failures=989
2026-08-01 19:30, failed, http=000, consecutive_failures=990
2026-08-01 20:26, failed, http=000, consecutive_failures=991
2026-08-01 21:14, failed, http=000, consecutive_failures=992
2026-08-01 22:10, failed, http=000, consecutive_failures=993
2026-08-01 23:07, failed, http=000, consecutive_failures=994
2026-08-02 00:07, failed, http=000, consecutive_failures=995
2026-08-02 03:46, failed, http=000, consecutive_failures=996
2026-08-02 06:21, failed, http=000, consecutive_failures=997
2026-08-02 08:39, failed, http=000, consecutive_failures=998
2026-08-02 10:18, failed, http=000, consecutive_failures=999
2026-08-02 11:36, failed, http=000, consecutive_failures=1000
2026-08-02 12:38, failed, http=000, consecutive_failures=1001
2026-08-02 14:11, failed, http=000, consecutive_failures=1002
2026-08-02 15:17, failed, http=000, consecutive_failures=1003
2026-08-02 16:14, failed, http=000, consecutive_failures=1004
2026-08-02 17:15, failed, http=000, consecutive_failures=1005
2026-08-02 18:11, failed, http=000, consecutive_failures=1006
2026-08-02 19:31, failed, http=000, consecutive_failures=1007
2026-08-02 20:29, failed, http=000, consecutive_failures=1008
2026-08-02 21:24, failed, http=000, consecutive_failures=1009
2026-08-02 22:14, failed, http=000, consecutive_failures=1010
2026-08-02 23:11, failed, http=000, consecutive_failures=1011
2026-08-03 00:09, failed, http=000, consecutive_failures=1012
2026-08-03 03:49, failed, http=000, consecutive_failures=1013
2026-08-03 06:48, failed, http=000, consecutive_failures=1014
2026-08-03 10:28, failed, http=000, consecutive_failures=1015
2026-08-03 13:23, failed, http=000, consecutive_failures=1016
2026-08-03 15:58, failed, http=000, consecutive_failures=1017
2026-08-03 17:48, failed, http=000, consecutive_failures=1018
2026-08-03 19:10, failed, http=000, consecutive_failures=1019
2026-08-03 20:38, failed, http=000, consecutive_failures=1020
2026-08-03 21:45, failed, http=000, consecutive_failures=1021
2026-08-03 22:41, failed, http=000, consecutive_failures=1022
2026-08-03 23:45, failed, http=000, consecutive_failures=1023
2026-08-04 01:07, failed, http=000, consecutive_failures=1024
2026-08-04 04:24, failed, http=000, consecutive_failures=1025
2026-08-04 07:05, failed, http=000, consecutive_failures=1026
2026-08-04 09:44, failed, http=000, consecutive_failures=1027
2026-08-04 11:48, failed, http=000, consecutive_failures=1028
2026-08-04 13:25, failed, http=000, consecutive_failures=1029
2026-08-04 15:43, failed, http=000, consecutive_failures=1030
2026-08-04 17:18, failed, http=000, consecutive_failures=1031
2026-08-04 18:56, failed, http=000, consecutive_failures=1032
2026-08-04 20:18, failed, http=000, consecutive_failures=1033
2026-08-04 21:39, failed, http=000, consecutive_failures=1034
2026-08-04 22:40, failed, http=000, consecutive_failures=1035
2026-08-04 23:40, failed, http=000, consecutive_failures=1036
2026-08-05 01:01, failed, http=000, consecutive_failures=1037
2026-08-05 04:13, failed, http=000, consecutive_failures=1038
2026-08-05 06:41, failed, http=000, consecutive_failures=1039
2026-08-05 09:22, failed, http=000, consecutive_failures=1040
2026-08-05 11:33, failed, http=000, consecutive_failures=1041
2026-08-05 13:13, failed, http=000, consecutive_failures=1042
2026-08-05 15:26, failed, http=000, consecutive_failures=1043
2026-08-05 16:57, failed, http=000, consecutive_failures=1044
2026-08-05 18:16, failed, http=000, consecutive_failures=1045
2026-08-05 19:56, failed, http=000, consecutive_failures=1046
2026-08-05 20:57, failed, http=000, consecutive_failures=1047
2026-08-05 22:07, failed, http=000, consecutive_failures=1048
2026-08-05 23:14, failed, http=000, consecutive_failures=1049
2026-08-06 00:09, failed, http=000, consecutive_failures=1050
2026-08-06 03:31, failed, http=000, consecutive_failures=1051
2026-08-06 06:11, failed, http=000, consecutive_failures=1052
2026-08-06 08:51, failed, http=000, consecutive_failures=1053
2026-08-06 11:09, failed, http=000, consecutive_failures=1054
2026-08-06 13:01, failed, http=000, consecutive_failures=1055
2026-08-06 15:18, failed, http=000, consecutive_failures=1056
2026-08-07 00:26, failed, http=000, consecutive_failures=1057
2026-08-07 03:23, failed, http=000, consecutive_failures=1058
2026-08-07 05:08, failed, http=000, consecutive_failures=1059
2026-08-07 06:14, failed, http=000, consecutive_failures=1060
2026-08-07 07:41, failed, http=000, consecutive_failures=1061
2026-08-07 08:37, failed, http=000, consecutive_failures=1062
2026-08-07 09:36, failed, http=000, consecutive_failures=1063
2026-08-07 10:29, failed, http=000, consecutive_failures=1064
2026-08-07 11:21, failed, http=000, consecutive_failures=1065
2026-08-07 12:01, failed, http=000, consecutive_failures=1066
2026-08-07 13:12, failed, http=000, consecutive_failures=1067
2026-08-07 14:17, failed, http=000, consecutive_failures=1068
2026-08-07 15:10, failed, http=000, consecutive_failures=1069
2026-08-07 16:06, failed, http=000, consecutive_failures=1070
2026-08-07 17:03, failed, http=000, consecutive_failures=1071
2026-08-07 17:53, failed, http=000, consecutive_failures=1072
2026-08-07 18:33, failed, http=000, consecutive_failures=1073
2026-08-07 19:33, failed, http=000, consecutive_failures=1074
2026-08-07 20:08, failed, http=000, consecutive_failures=1075
2026-08-07 20:54, failed, http=000, consecutive_failures=1076
2026-08-07 21:24, failed, http=000, consecutive_failures=1077
2026-08-07 22:00, failed, http=000, consecutive_failures=1078
2026-08-07 22:38, failed, http=000, consecutive_failures=1079
2026-08-07 23:12, failed, http=000, consecutive_failures=1080
2026-08-07 23:47, failed, http=000, consecutive_failures=1081
2026-08-08 00:32, failed, http=000, consecutive_failures=1082
2026-08-08 02:29, failed, http=000, consecutive_failures=1083
2026-08-08 03:49, failed, http=000, consecutive_failures=1084
2026-08-08 04:41, failed, http=000, consecutive_failures=1085
2026-08-08 05:24, failed, http=000, consecutive_failures=1086
2026-08-08 06:01, failed, http=000, consecutive_failures=1087
2026-08-08 07:00, failed, http=000, consecutive_failures=1088
2026-08-08 07:51, failed, http=000, consecutive_failures=1089
2026-08-08 08:22, failed, http=000, consecutive_failures=1090
2026-08-08 09:05, failed, http=000, consecutive_failures=1091
2026-08-08 09:48, failed, http=000, consecutive_failures=1092
2026-08-08 10:14, failed, http=000, consecutive_failures=1093
2026-08-08 10:51, failed, http=000, consecutive_failures=1094
2026-08-08 11:13, failed, http=000, consecutive_failures=1095
2026-08-08 11:41, failed, http=000, consecutive_failures=1096
2026-08-08 12:00, failed, http=000, consecutive_failures=1097
2026-08-08 12:50, failed, http=000, consecutive_failures=1098
2026-08-08 13:34, failed, http=000, consecutive_failures=1099
2026-08-08 14:08, failed, http=000, consecutive_failures=1100
2026-08-08 14:45, failed, http=000, consecutive_failures=1101
2026-08-08 15:05, failed, http=000, consecutive_failures=1102
2026-08-08 15:37, failed, http=000, consecutive_failures=1103
2026-08-08 15:59, failed, http=000, consecutive_failures=1104
2026-08-08 16:34, failed, http=000, consecutive_failures=1105
2026-08-08 17:04, failed, http=000, consecutive_failures=1106
2026-08-08 17:38, failed, http=000, consecutive_failures=1107
2026-08-08 18:00, failed, http=000, consecutive_failures=1108
2026-08-08 18:41, failed, http=000, consecutive_failures=1109
2026-08-08 19:14, failed, http=000, consecutive_failures=1110
2026-08-08 19:44, failed, http=000, consecutive_failures=1111
2026-08-08 20:02, failed, http=000, consecutive_failures=1112
2026-08-08 20:39, failed, http=000, consecutive_failures=1113
2026-08-08 21:02, failed, http=000, consecutive_failures=1114
2026-08-08 21:38, failed, http=000, consecutive_failures=1115
2026-08-08 21:58, failed, http=000, consecutive_failures=1116
2026-08-08 22:26, failed, http=000, consecutive_failures=1117
2026-08-08 22:53, failed, http=000, consecutive_failures=1118
2026-08-08 23:13, failed, http=000, consecutive_failures=1119
2026-08-08 23:43, failed, http=000, consecutive_failures=1120
2026-08-09 00:02, failed, http=000, consecutive_failures=1121
2026-08-09 02:12, failed, http=000, consecutive_failures=1122
2026-08-09 03:51, failed, http=000, consecutive_failures=1123
2026-08-09 04:52, failed, http=000, consecutive_failures=1124
2026-08-09 05:37, failed, http=000, consecutive_failures=1125
2026-08-09 06:25, failed, http=000, consecutive_failures=1126
2026-08-09 07:28, failed, http=000, consecutive_failures=1127
2026-08-09 08:07, failed, http=000, consecutive_failures=1128
2026-08-09 08:56, failed, http=000, consecutive_failures=1129
2026-08-09 09:30, failed, http=000, consecutive_failures=1130
2026-08-09 10:05, failed, http=000, consecutive_failures=1131
2026-08-09 10:45, failed, http=000, consecutive_failures=1132
2026-08-09 11:12, failed, http=000, consecutive_failures=1133
2026-08-09 11:43, failed, http=000, consecutive_failures=1134
2026-08-09 12:02, failed, http=000, consecutive_failures=1135
2026-08-09 13:05, failed, http=000, consecutive_failures=1136
2026-08-09 13:54, failed, http=000, consecutive_failures=1137
2026-08-09 14:21, failed, http=000, consecutive_failures=1138
2026-08-09 14:56, failed, http=000, consecutive_failures=1139
2026-08-09 15:21, failed, http=000, consecutive_failures=1140
2026-08-09 15:52, failed, http=000, consecutive_failures=1141
2026-08-09 16:15, failed, http=000, consecutive_failures=1142
2026-08-09 16:54, failed, http=000, consecutive_failures=1143
2026-08-09 17:19, failed, http=000, consecutive_failures=1144
2026-08-09 17:50, failed, http=000, consecutive_failures=1145
2026-08-09 18:17, failed, http=000, consecutive_failures=1146
2026-08-09 19:02, failed, http=000, consecutive_failures=1147
2026-08-09 19:40, failed, http=000, consecutive_failures=1148
2026-08-09 20:01, failed, http=000, consecutive_failures=1149
2026-08-09 20:39, failed, http=000, consecutive_failures=1150
2026-08-09 21:05, failed, http=000, consecutive_failures=1151
2026-08-09 21:42, failed, http=000, consecutive_failures=1152
2026-08-09 22:03, failed, http=000, consecutive_failures=1153
2026-08-09 22:39, failed, http=000, consecutive_failures=1154
2026-08-09 23:03, failed, http=000, consecutive_failures=1155
2026-08-09 23:39, failed, http=000, consecutive_failures=1156
2026-08-10 00:02, failed, http=000, consecutive_failures=1157
2026-08-10 02:25, failed, http=000, consecutive_failures=1158
2026-08-10 04:10, failed, http=000, consecutive_failures=1159
2026-08-10 05:41, failed, http=000, consecutive_failures=1160
2026-08-10 06:54, failed, http=000, consecutive_failures=1161
2026-08-10 08:18, failed, http=000, consecutive_failures=1162
2026-08-10 09:50, failed, http=000, consecutive_failures=1163
2026-08-10 10:51, failed, http=000, consecutive_failures=1164
2026-08-10 11:35, failed, http=000, consecutive_failures=1165
2026-08-10 12:26, failed, http=000, consecutive_failures=1166
2026-08-10 13:51, failed, http=000, consecutive_failures=1167
2026-08-10 14:46, failed, http=000, consecutive_failures=1168
2026-08-10 15:39, failed, http=000, consecutive_failures=1169
2026-08-10 16:27, failed, http=000, consecutive_failures=1170
2026-08-10 17:23, failed, http=000, consecutive_failures=1171
2026-08-10 18:08, failed, http=000, consecutive_failures=1172
2026-08-10 19:10, failed, http=000, consecutive_failures=1173
2026-08-10 19:58, failed, http=000, consecutive_failures=1174
2026-08-10 20:39, failed, http=000, consecutive_failures=1175
2026-08-10 21:23, failed, http=000, consecutive_failures=1176
2026-08-10 22:02, failed, http=000, consecutive_failures=1177
2026-08-10 22:46, failed, http=000, consecutive_failures=1178
2026-08-10 23:19, failed, http=000, consecutive_failures=1179
2026-08-10 23:52, failed, http=000, consecutive_failures=1180
2026-08-11 00:38, failed, http=000, consecutive_failures=1181
2026-08-11 02:38, failed, http=000, consecutive_failures=1182
2026-08-11 04:04, failed, http=000, consecutive_failures=1183
2026-08-11 05:17, failed, http=000, consecutive_failures=1184
2026-08-11 06:05, failed, http=000, consecutive_failures=1185
2026-08-11 07:22, failed, http=000, consecutive_failures=1186
2026-08-11 08:17, failed, http=000, consecutive_failures=1187
2026-08-11 09:15, failed, http=000, consecutive_failures=1188
2026-08-11 10:10, failed, http=000, consecutive_failures=1189
2026-08-11 11:02, failed, http=000, consecutive_failures=1190
2026-08-11 11:50, failed, http=000, consecutive_failures=1191
2026-08-11 12:30, failed, http=000, consecutive_failures=1192
2026-08-11 13:54, failed, http=000, consecutive_failures=1193
2026-08-11 14:47, failed, http=000, consecutive_failures=1194
2026-08-11 15:41, failed, http=000, consecutive_failures=1195
2026-08-11 16:32, failed, http=000, consecutive_failures=1196
2026-08-11 17:31, failed, http=000, consecutive_failures=1197
2026-08-11 18:25, failed, http=000, consecutive_failures=1198
2026-08-11 19:31, failed, http=000, consecutive_failures=1199
2026-08-11 20:09, failed, http=000, consecutive_failures=1200
2026-08-11 21:00, failed, http=000, consecutive_failures=1201
2026-08-11 21:51, failed, http=000, consecutive_failures=1202
2026-08-11 22:26, failed, http=000, consecutive_failures=1203
2026-08-11 23:09, failed, http=000, consecutive_failures=1204
2026-08-11 23:54, failed, http=000, consecutive_failures=1205
2026-08-12 00:46, failed, http=000, consecutive_failures=1206
2026-08-12 03:12, failed, http=000, consecutive_failures=1207
2026-08-12 04:59, failed, http=000, consecutive_failures=1208
2026-08-12 06:13, failed, http=000, consecutive_failures=1209
2026-08-12 07:50, failed, http=000, consecutive_failures=1210
2026-08-12 08:53, failed, http=000, consecutive_failures=1211
2026-08-12 09:50, failed, http=000, consecutive_failures=1212
2026-08-12 10:45, failed, http=000, consecutive_failures=1213
2026-08-12 11:30, failed, http=000, consecutive_failures=1214
2026-08-12 12:10, failed, http=000, consecutive_failures=1215
2026-08-12 13:41, failed, http=000, consecutive_failures=1216
2026-08-12 14:42, failed, http=000, consecutive_failures=1217
2026-08-12 15:36, failed, http=000, consecutive_failures=1218
2026-08-12 16:30, failed, http=000, consecutive_failures=1219
2026-08-12 17:29, failed, http=000, consecutive_failures=1220
2026-08-12 18:25, failed, http=000, consecutive_failures=1221
2026-08-12 19:32, failed, http=000, consecutive_failures=1222
2026-08-12 20:10, failed, http=000, consecutive_failures=1223
2026-08-12 20:59, failed, http=000, consecutive_failures=1224
2026-08-12 21:42, failed, http=000, consecutive_failures=1225
2026-08-12 22:23, failed, http=000, consecutive_failures=1226
2026-08-12 23:06, failed, http=000, consecutive_failures=1227
2026-08-12 23:53, failed, http=000, consecutive_failures=1228
2026-08-13 00:46, failed, http=000, consecutive_failures=1229
2026-08-13 03:15, failed, http=000, consecutive_failures=1230
2026-08-13 05:04, failed, http=000, consecutive_failures=1231
2026-08-13 06:23, failed, http=000, consecutive_failures=1232
2026-08-13 07:58, failed, http=000, consecutive_failures=1233
2026-08-13 09:07, failed, http=000, consecutive_failures=1234
2026-08-13 10:18, failed, http=000, consecutive_failures=1235
2026-08-13 11:12, failed, http=000, consecutive_failures=1236
2026-08-13 11:57, failed, http=000, consecutive_failures=1237
2026-08-13 12:58, failed, http=000, consecutive_failures=1238
2026-08-13 14:19, failed, http=000, consecutive_failures=1239
2026-08-13 15:17, failed, http=000, consecutive_failures=1240
2026-08-13 16:11, failed, http=000, consecutive_failures=1241
2026-08-13 17:09, failed, http=000, consecutive_failures=1242
2026-08-13 18:04, failed, http=000, consecutive_failures=1243
2026-08-13 19:14, failed, http=000, consecutive_failures=1244
2026-08-13 19:59, failed, http=000, consecutive_failures=1245
2026-08-13 20:40, failed, http=000, consecutive_failures=1246
2026-08-13 21:27, failed, http=000, consecutive_failures=1247
2026-08-13 22:09, failed, http=000, consecutive_failures=1248
2026-08-13 22:58, failed, http=000, consecutive_failures=1249
2026-08-13 23:36, failed, http=000, consecutive_failures=1250
2026-08-14 00:40, failed, http=000, consecutive_failures=1251
2026-08-14 03:10, failed, http=000, consecutive_failures=1252
2026-08-14 04:58, failed, http=000, consecutive_failures=1253
2026-08-14 06:10, failed, http=000, consecutive_failures=1254
2026-08-14 07:47, failed, http=000, consecutive_failures=1255
2026-08-14 08:49, failed, http=000, consecutive_failures=1256
2026-08-14 09:45, failed, http=000, consecutive_failures=1257
2026-08-14 10:39, failed, http=000, consecutive_failures=1258
2026-08-14 11:24, failed, http=000, consecutive_failures=1259
2026-08-14 12:02, failed, http=000, consecutive_failures=1260
2026-08-14 13:21, failed, http=000, consecutive_failures=1261
2026-08-14 14:27, failed, http=000, consecutive_failures=1262
2026-08-14 15:13, failed, http=000, consecutive_failures=1263
2026-08-14 16:05, failed, http=000, consecutive_failures=1264
2026-08-14 17:02, failed, http=000, consecutive_failures=1265
2026-08-14 17:57, failed, http=000, consecutive_failures=1266
2026-08-14 18:43, failed, http=000, consecutive_failures=1267
2026-08-14 19:36, failed, http=000, consecutive_failures=1268
2026-08-14 20:06, failed, http=000, consecutive_failures=1269
2026-08-14 20:39, failed, http=000, consecutive_failures=1270
2026-08-14 21:00, failed, http=000, consecutive_failures=1271
2026-08-14 21:25, failed, http=000, consecutive_failures=1272
2026-08-14 21:46, failed, http=000, consecutive_failures=1273
2026-08-14 21:59, failed, http=000, consecutive_failures=1274
2026-08-14 22:21, failed, http=000, consecutive_failures=1275
2026-08-14 22:44, failed, http=000, consecutive_failures=1276
2026-08-14 22:59, failed, http=000, consecutive_failures=1277
2026-08-14 23:20, failed, http=000, consecutive_failures=1278
2026-08-14 23:41, failed, http=000, consecutive_failures=1279
2026-08-14 23:58, failed, http=000, consecutive_failures=1280
2026-08-15 01:00, failed, http=000, consecutive_failures=1281
2026-08-15 02:13, failed, http=000, consecutive_failures=1282
2026-08-15 03:04, failed, http=000, consecutive_failures=1283
2026-08-15 03:48, failed, http=000, consecutive_failures=1284
2026-08-15 04:14, failed, http=000, consecutive_failures=1285
2026-08-15 04:46, failed, http=000, consecutive_failures=1286
2026-08-15 05:03, failed, http=000, consecutive_failures=1287
2026-08-15 05:32, failed, http=000, consecutive_failures=1288
2026-08-15 05:53, failed, http=000, consecutive_failures=1289
2026-08-15 06:14, failed, http=000, consecutive_failures=1290
2026-08-15 06:56, failed, http=000, consecutive_failures=1291
2026-08-15 07:23, failed, http=000, consecutive_failures=1292
2026-08-15 07:48, failed, http=000, consecutive_failures=1293
2026-08-15 08:01, failed, http=000, consecutive_failures=1294
2026-08-15 08:35, failed, http=000, consecutive_failures=1295
2026-08-15 08:57, failed, http=000, consecutive_failures=1296
2026-08-15 09:20, failed, http=000, consecutive_failures=1297
2026-08-15 09:44, failed, http=000, consecutive_failures=1298
2026-08-15 09:58, failed, http=000, consecutive_failures=1299
2026-08-15 10:18, failed, http=000, consecutive_failures=1300
2026-08-15 10:42, failed, http=000, consecutive_failures=1301
2026-08-15 10:57, failed, http=000, consecutive_failures=1302
2026-08-15 11:12, failed, http=000, consecutive_failures=1303
2026-08-15 11:32, failed, http=000, consecutive_failures=1304
2026-08-15 11:48, failed, http=000, consecutive_failures=1305
2026-08-15 11:58, failed, http=000, consecutive_failures=1306
2026-08-15 12:32, failed, http=000, consecutive_failures=1307
2026-08-15 13:09, failed, http=000, consecutive_failures=1308
2026-08-15 13:39, failed, http=000, consecutive_failures=1309
2026-08-15 13:56, failed, http=000, consecutive_failures=1310
2026-08-15 14:12, failed, http=000, consecutive_failures=1311
2026-08-15 14:37, failed, http=000, consecutive_failures=1312
2026-08-15 14:54, failed, http=000, consecutive_failures=1313
2026-08-15 15:07, failed, http=000, consecutive_failures=1314
2026-08-15 15:31, failed, http=000, consecutive_failures=1315
2026-08-15 15:47, failed, http=000, consecutive_failures=1316
2026-08-15 15:59, failed, http=000, consecutive_failures=1317
2026-08-15 16:21, failed, http=000, consecutive_failures=1318
2026-08-15 16:45, failed, http=000, consecutive_failures=1319
2026-08-15 17:00, failed, http=000, consecutive_failures=1320
2026-08-15 17:21, failed, http=000, consecutive_failures=1321
2026-08-15 17:40, failed, http=000, consecutive_failures=1322
2026-08-15 17:54, failed, http=000, consecutive_failures=1323
2026-08-15 18:09, failed, http=000, consecutive_failures=1324
2026-08-15 18:44, failed, http=000, consecutive_failures=1325
2026-08-15 19:02, failed, http=000, consecutive_failures=1326
2026-08-15 19:26, failed, http=000, consecutive_failures=1327
2026-08-15 19:42, failed, http=000, consecutive_failures=1328
2026-08-15 19:53, failed, http=000, consecutive_failures=1329
2026-08-15 20:01, failed, http=000, consecutive_failures=1330
2026-08-15 20:28, failed, http=000, consecutive_failures=1331
2026-08-15 20:46, failed, http=000, consecutive_failures=1332
2026-08-15 21:00, failed, http=000, consecutive_failures=1333
2026-08-15 21:22, failed, http=000, consecutive_failures=1334
2026-08-15 21:39, failed, http=000, consecutive_failures=1335
2026-08-15 21:53, failed, http=000, consecutive_failures=1336
2026-08-15 22:02, failed, http=000, consecutive_failures=1337
2026-08-15 22:29, failed, http=000, consecutive_failures=1338
2026-08-15 22:47, failed, http=000, consecutive_failures=1339
2026-08-15 22:59, failed, http=000, consecutive_failures=1340
2026-08-15 23:19, failed, http=000, consecutive_failures=1341
2026-08-15 23:38, failed, http=000, consecutive_failures=1342
2026-08-15 23:52, failed, http=000, consecutive_failures=1343
2026-08-16 00:00, failed, http=000, consecutive_failures=1344
2026-08-16 01:35, failed, http=000, consecutive_failures=1345
2026-08-16 02:45, failed, http=000, consecutive_failures=1346
2026-08-16 03:32, failed, http=000, consecutive_failures=1347
2026-08-16 04:09, failed, http=000, consecutive_failures=1348
2026-08-16 04:47, failed, http=000, consecutive_failures=1349
2026-08-16 05:12, failed, http=000, consecutive_failures=1350
2026-08-16 05:40, failed, http=000, consecutive_failures=1351
2026-08-16 05:58, failed, http=000, consecutive_failures=1352
2026-08-16 06:34, failed, http=000, consecutive_failures=1353
2026-08-16 07:10, failed, http=000, consecutive_failures=1354
2026-08-16 07:42, failed, http=000, consecutive_failures=1355
2026-08-16 07:58, failed, http=000, consecutive_failures=1356
2026-08-16 08:24, failed, http=000, consecutive_failures=1357
2026-08-16 08:52, failed, http=000, consecutive_failures=1358
2026-08-16 09:12, failed, http=000, consecutive_failures=1359
2026-08-16 09:40, failed, http=000, consecutive_failures=1360
2026-08-16 09:56, failed, http=000, consecutive_failures=1361
2026-08-16 10:14, failed, http=000, consecutive_failures=1362
2026-08-16 10:38, failed, http=000, consecutive_failures=1363
2026-08-16 10:55, failed, http=000, consecutive_failures=1364
2026-08-16 11:09, failed, http=000, consecutive_failures=1365
2026-08-16 11:31, failed, http=000, consecutive_failures=1366
2026-08-16 11:47, failed, http=000, consecutive_failures=1367
2026-08-16 11:59, failed, http=000, consecutive_failures=1368
2026-08-16 12:35, failed, http=000, consecutive_failures=1369
2026-08-16 13:13, failed, http=000, consecutive_failures=1370
2026-08-16 13:44, failed, http=000, consecutive_failures=1371
2026-08-16 13:59, failed, http=000, consecutive_failures=1372
2026-08-16 14:20, failed, http=000, consecutive_failures=1373
2026-08-16 14:42, failed, http=000, consecutive_failures=1374
2026-08-16 14:58, failed, http=000, consecutive_failures=1375
2026-08-16 15:17, failed, http=000, consecutive_failures=1376
2026-08-16 15:38, failed, http=000, consecutive_failures=1377
2026-08-16 15:53, failed, http=000, consecutive_failures=1378
2026-08-16 16:06, failed, http=000, consecutive_failures=1379
2026-08-16 16:36, failed, http=000, consecutive_failures=1380
2026-08-16 16:54, failed, http=000, consecutive_failures=1381
2026-08-16 17:09, failed, http=000, consecutive_failures=1382
2026-08-16 17:31, failed, http=000, consecutive_failures=1383
2026-08-16 17:46, failed, http=000, consecutive_failures=1384
2026-08-16 17:57, failed, http=000, consecutive_failures=1385
2026-08-16 18:18, failed, http=000, consecutive_failures=1386
2026-08-16 18:49, failed, http=000, consecutive_failures=1387
2026-08-16 19:07, failed, http=000, consecutive_failures=1388
2026-08-16 19:29, failed, http=000, consecutive_failures=1389
2026-08-16 19:44, failed, http=000, consecutive_failures=1390
2026-08-16 19:54, failed, http=000, consecutive_failures=1391
2026-08-16 20:01, failed, http=000, consecutive_failures=1392
2026-08-16 20:27, failed, http=000, consecutive_failures=1393
2026-08-16 20:45, failed, http=000, consecutive_failures=1394
2026-08-16 20:58, failed, http=000, consecutive_failures=1395
2026-08-16 21:17, failed, http=000, consecutive_failures=1396
2026-08-16 21:35, failed, http=000, consecutive_failures=1397
2026-08-16 21:50, failed, http=000, consecutive_failures=1398
2026-08-16 21:59, failed, http=000, consecutive_failures=1399
2026-08-16 22:19, failed, http=000, consecutive_failures=1400
2026-08-16 22:41, failed, http=000, consecutive_failures=1401
2026-08-16 22:55, failed, http=000, consecutive_failures=1402
2026-08-16 23:09, failed, http=000, consecutive_failures=1403
2026-08-16 23:31, failed, http=000, consecutive_failures=1404
2026-08-16 23:46, failed, http=000, consecutive_failures=1405
2026-08-16 23:57, failed, http=000, consecutive_failures=1406
2026-08-17 00:53, failed, http=000, consecutive_failures=1407
2026-08-17 02:10, failed, http=000, consecutive_failures=1408
2026-08-17 03:10, failed, http=000, consecutive_failures=1409
2026-08-17 03:58, failed, http=000, consecutive_failures=1410
2026-08-17 04:39, failed, http=000, consecutive_failures=1411
2026-08-17 05:19, failed, http=000, consecutive_failures=1412
2026-08-17 05:53, failed, http=000, consecutive_failures=1413
2026-08-17 06:23, failed, http=000, consecutive_failures=1414
2026-08-17 07:27, failed, http=000, consecutive_failures=1415
2026-08-17 08:05, failed, http=000, consecutive_failures=1416
2026-08-17 08:55, failed, http=000, consecutive_failures=1417
2026-08-17 09:27, failed, http=000, consecutive_failures=1418
2026-08-17 10:03, failed, http=000, consecutive_failures=1419
2026-08-17 10:40, failed, http=000, consecutive_failures=1420
2026-08-17 11:00, failed, http=000, consecutive_failures=1421
2026-08-17 11:28, failed, http=000, consecutive_failures=1422
2026-08-17 11:49, failed, http=000, consecutive_failures=1423
2026-08-17 12:02, failed, http=000, consecutive_failures=1424
2026-08-17 12:57, failed, http=000, consecutive_failures=1425
2026-08-17 13:34, failed, http=000, consecutive_failures=1426
2026-08-17 14:03, failed, http=000, consecutive_failures=1427
2026-08-17 14:36, failed, http=000, consecutive_failures=1428
2026-08-17 14:56, failed, http=000, consecutive_failures=1429
2026-08-17 15:17, failed, http=000, consecutive_failures=1430
2026-08-17 15:42, failed, http=000, consecutive_failures=1431
2026-08-17 15:58, failed, http=000, consecutive_failures=1432
2026-08-17 16:21, failed, http=000, consecutive_failures=1433
2026-08-17 16:50, failed, http=000, consecutive_failures=1434
2026-08-17 17:12, failed, http=000, consecutive_failures=1435
2026-08-17 17:42, failed, http=000, consecutive_failures=1436
2026-08-17 18:01, failed, http=000, consecutive_failures=1437
2026-08-17 18:46, failed, http=000, consecutive_failures=1438
2026-08-17 19:15, failed, http=000, consecutive_failures=1439
2026-08-17 19:42, failed, http=000, consecutive_failures=1440
2026-08-17 19:58, failed, http=000, consecutive_failures=1441
2026-08-17 20:22, failed, http=000, consecutive_failures=1442
2026-08-17 20:47, failed, http=000, consecutive_failures=1443
2026-08-17 21:04, failed, http=000, consecutive_failures=1444
2026-08-17 21:33, failed, http=000, consecutive_failures=1445
2026-08-17 21:52, failed, http=000, consecutive_failures=1446
2026-08-17 22:08, failed, http=000, consecutive_failures=1447
2026-08-17 22:36, failed, http=000, consecutive_failures=1448
2026-08-17 22:54, failed, http=000, consecutive_failures=1449
2026-08-17 23:10, failed, http=000, consecutive_failures=1450
2026-08-17 23:33, failed, http=000, consecutive_failures=1451
2026-08-17 23:50, failed, http=000, consecutive_failures=1452
2026-08-18 00:01, failed, http=000, consecutive_failures=1453
2026-08-18 01:34, failed, http=000, consecutive_failures=1454
2026-08-18 02:39, failed, http=000, consecutive_failures=1455
2026-08-18 03:25, failed, http=000, consecutive_failures=1456
2026-08-18 04:03, failed, http=000, consecutive_failures=1457
2026-08-18 04:43, failed, http=000, consecutive_failures=1458
2026-08-18 05:08, failed, http=000, consecutive_failures=1459
2026-08-18 05:40, failed, http=000, consecutive_failures=1460
2026-08-18 05:59, failed, http=000, consecutive_failures=1461
2026-08-18 06:41, failed, http=000, consecutive_failures=1462
2026-08-18 07:23, failed, http=000, consecutive_failures=1463
2026-08-18 07:57, failed, http=000, consecutive_failures=1464
2026-08-18 08:29, failed, http=000, consecutive_failures=1465
2026-08-18 09:03, failed, http=000, consecutive_failures=1466
2026-08-18 09:40, failed, http=000, consecutive_failures=1467
2026-08-18 10:02, failed, http=000, consecutive_failures=1468
2026-08-18 10:36, failed, http=000, consecutive_failures=1469
2026-08-18 10:58, failed, http=000, consecutive_failures=1470
2026-08-18 11:21, failed, http=000, consecutive_failures=1471
2026-08-18 11:45, failed, http=000, consecutive_failures=1472
2026-08-18 12:01, failed, http=000, consecutive_failures=1473
2026-08-18 12:52, failed, http=000, consecutive_failures=1474
2026-08-18 13:32, failed, http=000, consecutive_failures=1475
2026-08-18 14:07, failed, http=000, consecutive_failures=1476
2026-08-18 14:47, failed, http=000, consecutive_failures=1477
2026-08-18 15:13, failed, http=000, consecutive_failures=1478
2026-08-18 15:45, failed, http=000, consecutive_failures=1479
2026-08-18 16:02, failed, http=000, consecutive_failures=1480
2026-08-18 16:39, failed, http=000, consecutive_failures=1481
2026-08-18 17:01, failed, http=000, consecutive_failures=1482
2026-08-18 17:31, failed, http=000, consecutive_failures=1483
2026-08-18 17:55, failed, http=000, consecutive_failures=1484
2026-08-18 18:20, failed, http=000, consecutive_failures=1485
2026-08-18 19:01, failed, http=000, consecutive_failures=1486
2026-08-18 19:30, failed, http=000, consecutive_failures=1487
2026-08-18 19:49, failed, http=000, consecutive_failures=1488
2026-08-18 20:00, failed, http=000, consecutive_failures=1489
2026-08-18 20:26, failed, http=000, consecutive_failures=1490
2026-08-18 20:46, failed, http=000, consecutive_failures=1491
2026-08-18 21:01, failed, http=000, consecutive_failures=1492
2026-08-18 21:28, failed, http=000, consecutive_failures=1493
2026-08-18 21:46, failed, http=000, consecutive_failures=1494
2026-08-18 21:59, failed, http=000, consecutive_failures=1495
2026-08-18 22:22, failed, http=000, consecutive_failures=1496
2026-08-18 22:44, failed, http=000, consecutive_failures=1497
2026-08-18 23:00, failed, http=000, consecutive_failures=1498
2026-08-18 23:23, failed, http=000, consecutive_failures=1499
2026-08-18 23:41, failed, http=000, consecutive_failures=1500
2026-08-18 23:56, failed, http=000, consecutive_failures=1501
2026-08-19 00:40, failed, http=000, consecutive_failures=1502
2026-08-19 02:06, failed, http=000, consecutive_failures=1503
2026-08-19 03:06, failed, http=000, consecutive_failures=1504
2026-08-19 03:53, failed, http=000, consecutive_failures=1505
2026-08-19 04:22, failed, http=000, consecutive_failures=1506
2026-08-19 04:56, failed, http=000, consecutive_failures=1507
2026-08-19 05:20, failed, http=000, consecutive_failures=1508
2026-08-19 05:50, failed, http=000, consecutive_failures=1509
2026-08-19 06:17, failed, http=000, consecutive_failures=1510
2026-08-19 07:07, failed, http=000, consecutive_failures=1511
2026-08-19 07:49, failed, http=000, consecutive_failures=1512
2026-08-19 08:17, failed, http=000, consecutive_failures=1513
2026-08-19 08:55, failed, http=000, consecutive_failures=1514
2026-08-19 09:22, failed, http=000, consecutive_failures=1515
2026-08-19 09:53, failed, http=000, consecutive_failures=1516
2026-08-19 10:13, failed, http=000, consecutive_failures=1517
2026-08-19 10:45, failed, http=000, consecutive_failures=1518
2026-08-19 11:02, failed, http=000, consecutive_failures=1519
2026-08-19 11:31, failed, http=000, consecutive_failures=1520
2026-08-19 11:52, failed, http=000, consecutive_failures=1521
2026-08-19 12:14, failed, http=000, consecutive_failures=1522
2026-08-19 13:08, failed, http=000, consecutive_failures=1523
2026-08-19 13:53, failed, http=000, consecutive_failures=1524
2026-08-19 14:19, failed, http=000, consecutive_failures=1525
2026-08-19 14:55, failed, http=000, consecutive_failures=1526
2026-08-19 15:19, failed, http=000, consecutive_failures=1527
2026-08-19 15:49, failed, http=000, consecutive_failures=1528
2026-08-19 16:12, failed, http=000, consecutive_failures=1529
2026-08-19 16:44, failed, http=000, consecutive_failures=1530
2026-08-19 17:03, failed, http=000, consecutive_failures=1531
2026-08-19 17:33, failed, http=000, consecutive_failures=1532
2026-08-19 17:52, failed, http=000, consecutive_failures=1533
2026-08-19 18:12, failed, http=000, consecutive_failures=1534
2026-08-19 18:51, failed, http=000, consecutive_failures=1535
2026-08-19 19:13, failed, http=000, consecutive_failures=1536
2026-08-19 19:37, failed, http=000, consecutive_failures=1537
2026-08-19 19:54, failed, http=000, consecutive_failures=1538
2026-08-19 20:11, failed, http=000, consecutive_failures=1539
2026-08-19 20:43, failed, http=000, consecutive_failures=1540
2026-08-19 21:01, failed, http=000, consecutive_failures=1541
2026-08-19 21:29, failed, http=000, consecutive_failures=1542
2026-08-19 21:51, failed, http=000, consecutive_failures=1543
2026-08-19 22:09, failed, http=000, consecutive_failures=1544
2026-08-19 22:36, failed, http=000, consecutive_failures=1545
2026-08-19 22:55, failed, http=000, consecutive_failures=1546
2026-08-19 23:12, failed, http=000, consecutive_failures=1547
2026-08-19 23:34, failed, http=000, consecutive_failures=1548
2026-08-19 23:51, failed, http=000, consecutive_failures=1549
2026-08-20 00:23, failed, http=000, consecutive_failures=1550
2026-08-20 01:55, failed, http=000, consecutive_failures=1551
2026-08-20 02:46, failed, http=000, consecutive_failures=1552
2026-08-20 03:30, failed, http=000, consecutive_failures=1553
2026-08-20 04:08, failed, http=000, consecutive_failures=1554
2026-08-20 04:48, failed, http=000, consecutive_failures=1555
2026-08-20 05:16, failed, http=000, consecutive_failures=1556
2026-08-20 05:47, failed, http=000, consecutive_failures=1557
2026-08-20 06:16, failed, http=000, consecutive_failures=1558
2026-08-20 07:06, failed, http=000, consecutive_failures=1559
2026-08-20 07:51, failed, http=000, consecutive_failures=1560
2026-08-20 08:19, failed, http=000, consecutive_failures=1561
2026-08-20 08:59, failed, http=000, consecutive_failures=1562
2026-08-20 09:32, failed, http=000, consecutive_failures=1563
2026-08-20 10:01, failed, http=000, consecutive_failures=1564
2026-08-20 10:36, failed, http=000, consecutive_failures=1565
2026-08-20 11:00, failed, http=000, consecutive_failures=1566
2026-08-20 11:26, failed, http=000, consecutive_failures=1567
2026-08-20 11:50, failed, http=000, consecutive_failures=1568
2026-08-20 12:16, failed, http=000, consecutive_failures=1569
2026-08-20 13:11, failed, http=000, consecutive_failures=1570
2026-08-20 13:57, failed, http=000, consecutive_failures=1571
2026-08-20 14:28, failed, http=000, consecutive_failures=1572
2026-08-20 15:04, failed, http=000, consecutive_failures=1573
2026-08-20 15:41, failed, http=000, consecutive_failures=1574
2026-08-20 16:03, failed, http=000, consecutive_failures=1575
2026-08-20 16:43, failed, http=000, consecutive_failures=1576
2026-08-20 17:05, failed, http=000, consecutive_failures=1577
2026-08-20 17:38, failed, http=000, consecutive_failures=1578
2026-08-20 17:59, failed, http=000, consecutive_failures=1579
2026-08-20 18:38, failed, http=000, consecutive_failures=1580
2026-08-20 19:16, failed, http=000, consecutive_failures=1581
2026-08-20 19:47, failed, http=000, consecutive_failures=1582
2026-08-20 20:03, failed, http=000, consecutive_failures=1583
2026-08-20 20:37, failed, http=000, consecutive_failures=1584
2026-08-20 21:00, failed, http=000, consecutive_failures=1585
2026-08-20 21:28, failed, http=000, consecutive_failures=1586
2026-08-20 21:52, failed, http=000, consecutive_failures=1587
2026-08-20 22:11, failed, http=000, consecutive_failures=1588
2026-08-20 22:42, failed, http=000, consecutive_failures=1589
2026-08-20 23:01, failed, http=000, consecutive_failures=1590
2026-08-20 23:29, failed, http=000, consecutive_failures=1591
2026-08-20 23:50, failed, http=000, consecutive_failures=1592
2026-08-21 00:02, failed, http=000, consecutive_failures=1593
2026-08-21 01:49, failed, http=000, consecutive_failures=1594
2026-08-21 02:50, failed, http=000, consecutive_failures=1595
2026-08-21 03:37, failed, http=000, consecutive_failures=1596
2026-08-21 04:19, failed, http=000, consecutive_failures=1597
2026-08-21 04:57, failed, http=000, consecutive_failures=1598
2026-08-21 05:25, failed, http=000, consecutive_failures=1599
2026-08-21 05:54, failed, http=000, consecutive_failures=1600
2026-08-21 06:20, failed, http=000, consecutive_failures=1601
2026-08-21 07:11, failed, http=000, consecutive_failures=1602
2026-08-21 07:54, failed, http=000, consecutive_failures=1603
2026-08-21 08:21, failed, http=000, consecutive_failures=1604
2026-08-21 09:02, failed, http=000, consecutive_failures=1605
2026-08-21 09:43, failed, http=000, consecutive_failures=1606
2026-08-21 10:05, failed, http=000, consecutive_failures=1607
2026-08-21 10:39, failed, http=000, consecutive_failures=1608
2026-08-21 11:01, failed, http=000, consecutive_failures=1609
2026-08-21 11:29, failed, http=000, consecutive_failures=1610
2026-08-21 11:52, failed, http=000, consecutive_failures=1611
2026-08-21 12:16, failed, http=000, consecutive_failures=1612
2026-08-21 13:12, failed, http=000, consecutive_failures=1613
2026-08-21 13:56, failed, http=000, consecutive_failures=1614
2026-08-21 14:25, failed, http=000, consecutive_failures=1615
2026-08-21 14:59, failed, http=000, consecutive_failures=1616
2026-08-21 15:31, failed, http=000, consecutive_failures=1617
2026-08-21 15:59, failed, http=000, consecutive_failures=1618
2026-08-21 16:33, failed, http=000, consecutive_failures=1619
2026-08-21 17:02, failed, http=000, consecutive_failures=1620
2026-08-21 17:36, failed, http=000, consecutive_failures=1621
2026-08-21 17:59, failed, http=000, consecutive_failures=1622
2026-08-21 18:34, failed, http=000, consecutive_failures=1623
2026-08-21 19:08, failed, http=000, consecutive_failures=1624
2026-08-21 19:33, failed, http=000, consecutive_failures=1625
2026-08-21 19:49, failed, http=000, consecutive_failures=1626
2026-08-21 20:01, failed, http=000, consecutive_failures=1627
2026-08-21 20:29, failed, http=000, consecutive_failures=1628
2026-08-21 20:49, failed, http=000, consecutive_failures=1629
2026-08-21 21:05, failed, http=000, consecutive_failures=1630
2026-08-21 21:33, failed, http=000, consecutive_failures=1631
2026-08-21 21:52, failed, http=000, consecutive_failures=1632
2026-08-21 22:08, failed, http=000, consecutive_failures=1633
2026-08-21 22:36, failed, http=000, consecutive_failures=1634
2026-08-21 22:55, failed, http=000, consecutive_failures=1635
2026-08-21 23:11, failed, http=000, consecutive_failures=1636
2026-08-21 23:35, failed, http=000, consecutive_failures=1637
2026-08-21 23:53, failed, http=000, consecutive_failures=1638
2026-08-22 00:24, failed, http=000, consecutive_failures=1639
2026-08-22 01:54, failed, http=000, consecutive_failures=1640
2026-08-22 02:43, failed, http=000, consecutive_failures=1641
2026-08-22 03:24, failed, http=000, consecutive_failures=1642
2026-08-22 04:01, failed, http=000, consecutive_failures=1643
2026-08-22 04:37, failed, http=000, consecutive_failures=1644
2026-08-22 05:02, failed, http=000, consecutive_failures=1645
2026-08-22 05:34, failed, http=000, consecutive_failures=1646
2026-08-22 05:55, failed, http=000, consecutive_failures=1647
2026-08-22 06:21, failed, http=000, consecutive_failures=1648
2026-08-22 07:04, failed, http=000, consecutive_failures=1649
2026-08-22 07:38, failed, http=000, consecutive_failures=1650
2026-08-22 07:57, failed, http=000, consecutive_failures=1651
2026-08-22 08:21, failed, http=000, consecutive_failures=1652
2026-08-22 08:52, failed, http=000, consecutive_failures=1653
2026-08-22 09:13, failed, http=000, consecutive_failures=1654
2026-08-22 09:40, failed, http=000, consecutive_failures=1655
2026-08-22 09:56, failed, http=000, consecutive_failures=1656
2026-08-22 10:14, failed, http=000, consecutive_failures=1657
2026-08-22 10:39, failed, http=000, consecutive_failures=1658
2026-08-22 10:56, failed, http=000, consecutive_failures=1659
2026-08-22 11:11, failed, http=000, consecutive_failures=1660
2026-08-22 11:33, failed, http=000, consecutive_failures=1661
2026-08-22 11:49, failed, http=000, consecutive_failures=1662
2026-08-22 12:00, failed, http=000, consecutive_failures=1663
2026-08-22 12:41, failed, http=000, consecutive_failures=1664
2026-08-22 13:17, failed, http=000, consecutive_failures=1665
2026-08-22 13:45, failed, http=000, consecutive_failures=1666
2026-08-22 13:59, failed, http=000, consecutive_failures=1667
2026-08-22 14:18, failed, http=000, consecutive_failures=1668
2026-08-22 14:41, failed, http=000, consecutive_failures=1669
2026-08-22 14:57, failed, http=000, consecutive_failures=1670
2026-08-22 15:13, failed, http=000, consecutive_failures=1671
2026-08-22 15:34, failed, http=000, consecutive_failures=1672
2026-08-22 15:50, failed, http=000, consecutive_failures=1673
2026-08-22 16:00, failed, http=000, consecutive_failures=1674
2026-08-22 16:25, failed, http=000, consecutive_failures=1675
2026-08-22 16:45, failed, http=000, consecutive_failures=1676
2026-08-22 17:00, failed, http=000, consecutive_failures=1677
2026-08-22 17:21, failed, http=000, consecutive_failures=1678
2026-08-22 17:40, failed, http=000, consecutive_failures=1679
2026-08-22 17:55, failed, http=000, consecutive_failures=1680
2026-08-22 18:13, failed, http=000, consecutive_failures=1681
2026-08-22 18:48, failed, http=000, consecutive_failures=1682
2026-08-22 19:07, failed, http=000, consecutive_failures=1683
2026-08-22 19:30, failed, http=000, consecutive_failures=1684
2026-08-22 19:46, failed, http=000, consecutive_failures=1685
2026-08-22 19:58, failed, http=000, consecutive_failures=1686
2026-08-22 20:17, failed, http=000, consecutive_failures=1687
2026-08-22 20:42, failed, http=000, consecutive_failures=1688
2026-08-22 20:58, failed, http=000, consecutive_failures=1689
2026-08-22 21:17, failed, http=000, consecutive_failures=1690
2026-08-22 21:38, failed, http=000, consecutive_failures=1691
2026-08-22 21:53, failed, http=000, consecutive_failures=1692
2026-08-22 22:04, failed, http=000, consecutive_failures=1693
2026-08-22 22:31, failed, http=000, consecutive_failures=1694
2026-08-22 22:50, failed, http=000, consecutive_failures=1695
2026-08-22 23:01, failed, http=000, consecutive_failures=1696
2026-08-22 23:25, failed, http=000, consecutive_failures=1697
2026-08-22 23:41, failed, http=000, consecutive_failures=1698
2026-08-22 23:55, failed, http=000, consecutive_failures=1699
2026-08-23 00:36, failed, http=000, consecutive_failures=1700
2026-08-23 02:11, failed, http=000, consecutive_failures=1701
2026-08-23 03:13, failed, http=000, consecutive_failures=1702
2026-08-23 03:58, failed, http=000, consecutive_failures=1703
2026-08-23 04:33, failed, http=000, consecutive_failures=1704
2026-08-23 05:04, failed, http=000, consecutive_failures=1705
2026-08-23 05:37, failed, http=000, consecutive_failures=1706
2026-08-23 05:58, failed, http=000, consecutive_failures=1707
2026-08-23 06:34, failed, http=000, consecutive_failures=1708
2026-08-23 07:17, failed, http=000, consecutive_failures=1709
2026-08-23 07:49, failed, http=000, consecutive_failures=1710
2026-08-23 08:03, failed, http=000, consecutive_failures=1711
2026-08-23 08:40, failed, http=000, consecutive_failures=1712
2026-08-23 09:01, failed, http=000, consecutive_failures=1713
2026-08-23 09:32, failed, http=000, consecutive_failures=1714
2026-08-23 09:53, failed, http=000, consecutive_failures=1715
2026-08-23 10:09, failed, http=000, consecutive_failures=1716
2026-08-23 10:36, failed, http=000, consecutive_failures=1717
2026-08-23 10:54, failed, http=000, consecutive_failures=1718
2026-08-23 11:09, failed, http=000, consecutive_failures=1719
2026-08-23 11:31, failed, http=000, consecutive_failures=1720
2026-08-23 11:48, failed, http=000, consecutive_failures=1721
2026-08-23 12:00, failed, http=000, consecutive_failures=1722
2026-08-23 12:42, failed, http=000, consecutive_failures=1723
2026-08-23 13:19, failed, http=000, consecutive_failures=1724
2026-08-23 13:47, failed, http=000, consecutive_failures=1725
2026-08-23 14:02, failed, http=000, consecutive_failures=1726
2026-08-23 14:30, failed, http=000, consecutive_failures=1727
2026-08-23 14:50, failed, http=000, consecutive_failures=1728
2026-08-23 15:02, failed, http=000, consecutive_failures=1729
2026-08-23 15:29, failed, http=000, consecutive_failures=1730
2026-08-23 15:47, failed, http=000, consecutive_failures=1731
2026-08-23 16:00, failed, http=000, consecutive_failures=1732
2026-08-23 16:27, failed, http=000, consecutive_failures=1733
2026-08-23 16:49, failed, http=000, consecutive_failures=1734
2026-08-23 17:03, failed, http=000, consecutive_failures=1735
2026-08-23 17:27, failed, http=000, consecutive_failures=1736
2026-08-23 17:43, failed, http=000, consecutive_failures=1737
2026-08-23 17:55, failed, http=000, consecutive_failures=1738
2026-08-23 18:13, failed, http=000, consecutive_failures=1739
2026-08-23 18:47, failed, http=000, consecutive_failures=1740
2026-08-23 19:06, failed, http=000, consecutive_failures=1741
2026-08-23 19:29, failed, http=000, consecutive_failures=1742
2026-08-23 19:45, failed, http=000, consecutive_failures=1743
2026-08-23 19:57, failed, http=000, consecutive_failures=1744
2026-08-23 20:14, failed, http=000, consecutive_failures=1745
2026-08-23 20:38, failed, http=000, consecutive_failures=1746
2026-08-23 20:55, failed, http=000, consecutive_failures=1747
2026-08-23 21:09, failed, http=000, consecutive_failures=1748
2026-08-23 21:33, failed, http=000, consecutive_failures=1749
2026-08-23 21:49, failed, http=000, consecutive_failures=1750
2026-08-23 22:00, failed, http=000, consecutive_failures=1751
2026-08-23 22:23, failed, http=000, consecutive_failures=1752
2026-08-23 22:42, failed, http=000, consecutive_failures=1753
2026-08-23 22:57, failed, http=000, consecutive_failures=1754
2026-08-23 23:15, failed, http=000, consecutive_failures=1755
2026-08-23 23:35, failed, http=000, consecutive_failures=1756
2026-08-23 23:51, failed, http=000, consecutive_failures=1757
2026-08-24 00:01, failed, http=000, consecutive_failures=1758
2026-08-24 01:37, failed, http=000, consecutive_failures=1759
2026-08-24 02:49, failed, http=000, consecutive_failures=1760
2026-08-24 03:39, failed, http=000, consecutive_failures=1761
2026-08-24 04:26, failed, http=000, consecutive_failures=1762
2026-08-24 05:08, failed, http=000, consecutive_failures=1763
2026-08-24 05:49, failed, http=000, consecutive_failures=1764
2026-08-24 06:25, failed, http=000, consecutive_failures=1765
2026-08-24 07:33, failed, http=000, consecutive_failures=1766
2026-08-24 08:22, failed, http=000, consecutive_failures=1767
2026-08-24 09:08, failed, http=000, consecutive_failures=1768
2026-08-24 09:58, failed, http=000, consecutive_failures=1769
2026-08-24 10:34, failed, http=000, consecutive_failures=1770
2026-08-24 11:03, failed, http=000, consecutive_failures=1771
2026-08-24 11:36, failed, http=000, consecutive_failures=1772
2026-08-24 11:57, failed, http=000, consecutive_failures=1773
2026-08-24 12:35, failed, http=000, consecutive_failures=1774
2026-08-24 13:32, failed, http=000, consecutive_failures=1775
2026-08-24 14:19, failed, http=000, consecutive_failures=1776
2026-08-24 15:03, failed, http=000, consecutive_failures=1777
2026-08-24 15:48, failed, http=000, consecutive_failures=1778
2026-08-24 16:17, failed, http=000, consecutive_failures=1779
2026-08-24 16:57, failed, http=000, consecutive_failures=1780
2026-08-24 17:24, failed, http=000, consecutive_failures=1781
2026-08-24 17:52, failed, http=000, consecutive_failures=1782
2026-08-24 18:17, failed, http=000, consecutive_failures=1783
2026-08-24 19:02, failed, http=000, consecutive_failures=1784
2026-08-24 19:35, failed, http=000, consecutive_failures=1785
2026-08-24 19:57, failed, http=000, consecutive_failures=1786
2026-08-24 20:23, failed, http=000, consecutive_failures=1787
2026-08-24 20:53, failed, http=000, consecutive_failures=1788
2026-08-24 21:15, failed, http=000, consecutive_failures=1789
2026-08-24 21:44, failed, http=000, consecutive_failures=1790
2026-08-24 22:01, failed, http=000, consecutive_failures=1791
2026-08-24 22:30, failed, http=000, consecutive_failures=1792
2026-08-24 22:53, failed, http=000, consecutive_failures=1793
2026-08-24 23:10, failed, http=000, consecutive_failures=1794
2026-08-24 23:32, failed, http=000, consecutive_failures=1795
2026-08-24 23:49, failed, http=000, consecutive_failures=1796
2026-08-25 00:01, failed, http=000, consecutive_failures=1797
2026-08-25 01:36, failed, http=000, consecutive_failures=1798
2026-08-25 02:43, failed, http=000, consecutive_failures=1799
2026-08-25 03:30, failed, http=000, consecutive_failures=1800
2026-08-25 04:08, failed, http=000, consecutive_failures=1801
2026-08-25 04:49, failed, http=000, consecutive_failures=1802
2026-08-25 05:18, failed, http=000, consecutive_failures=1803
2026-08-25 05:50, failed, http=000, consecutive_failures=1804
2026-08-25 06:18, failed, http=000, consecutive_failures=1805
2026-08-25 07:11, failed, http=000, consecutive_failures=1806
2026-08-25 07:56, failed, http=000, consecutive_failures=1807
2026-08-25 08:29, failed, http=000, consecutive_failures=1808
2026-08-25 09:08, failed, http=000, consecutive_failures=1809
2026-08-25 09:47, failed, http=000, consecutive_failures=1810
2026-08-25 10:14, failed, http=000, consecutive_failures=1811
2026-08-25 10:49, failed, http=000, consecutive_failures=1812
2026-08-25 11:11, failed, http=000, consecutive_failures=1813
2026-08-25 11:40, failed, http=000, consecutive_failures=1814
2026-08-25 11:59, failed, http=000, consecutive_failures=1815
2026-08-25 12:47, failed, http=000, consecutive_failures=1816
2026-08-25 13:36, failed, http=000, consecutive_failures=1817
2026-08-25 14:23, failed, http=000, consecutive_failures=1818
2026-08-25 15:09, failed, http=000, consecutive_failures=1819
2026-08-25 15:55, failed, http=000, consecutive_failures=1820
2026-08-25 16:23, failed, http=000, consecutive_failures=1821
2026-08-25 17:00, failed, http=000, consecutive_failures=1822
2026-08-25 17:34, failed, http=000, consecutive_failures=1823
2026-08-25 17:59, failed, http=000, consecutive_failures=1824
2026-08-25 18:38, failed, http=000, consecutive_failures=1825
2026-08-25 19:15, failed, http=000, consecutive_failures=1826
2026-08-25 19:46, failed, http=000, consecutive_failures=1827
2026-08-25 20:02, failed, http=000, consecutive_failures=1828
2026-08-25 20:37, failed, http=000, consecutive_failures=1829
2026-08-25 20:58, failed, http=000, consecutive_failures=1830
2026-08-25 21:24, failed, http=000, consecutive_failures=1831
2026-08-25 21:48, failed, http=000, consecutive_failures=1832
2026-08-25 22:02, failed, http=000, consecutive_failures=1833
2026-08-25 22:34, failed, http=000, consecutive_failures=1834
2026-08-25 22:57, failed, http=000, consecutive_failures=1835
2026-08-25 23:20, failed, http=000, consecutive_failures=1836
2026-08-25 23:42, failed, http=000, consecutive_failures=1837
2026-08-25 23:58, failed, http=000, consecutive_failures=1838
2026-08-26 01:05, failed, http=000, consecutive_failures=1839
